id,Country,Cases,Deaths,Update_Time
1,Argentina,1,0,2009-05-23 08:00:00
2,Australia,12,0,2009-05-23 08:00:00
3,Austria,1,0,2009-05-23 08:00:00
4,Belgium,7,0,2009-05-23 08:00:00
5,Brazil,8,0,2009-05-23 08:00:00
6,Canada,719,1,2009-05-23 08:00:00
7,Chile,24,0,2009-05-23 08:00:00
8,China,11,0,2009-05-23 08:00:00
9,Colombia,12,0,2009-05-23 08:00:00
10,Costa Rica,20,1,2009-05-23 08:00:00
11,Cuba,4,0,2009-05-23 08:00:00
12,Denmark,1,0,2009-05-23 08:00:00
13,Ecuador,8,0,2009-05-23 08:00:00
14,El Salvador,6,0,2009-05-23 08:00:00
15,Finland,2,0,2009-05-23 08:00:00
16,France,16,0,2009-05-23 08:00:00
17,Germany,17,0,2009-05-23 08:00:00
18,Greece,1,0,2009-05-23 08:00:00
19,Guatemala,4,0,2009-05-23 08:00:00
20,India,1,0,2009-05-23 08:00:00
21,Ireland,1,0,2009-05-23 08:00:00
22,Israel,7,0,2009-05-23 08:00:00
23,Italy,14,0,2009-05-23 08:00:00
24,Japan,321,0,2009-05-23 08:00:00
25,Korea,3,0,2009-05-23 08:00:00
26,Malaysia,2,0,2009-05-23 08:00:00
27,Mexico,3892,75,2009-05-23 08:00:00
28,Netherlands,3,0,2009-05-23 08:00:00
29,New Zealand,9,0,2009-05-23 08:00:00
30,Norway,4,0,2009-05-23 08:00:00
31,Panama,76,0,2009-05-23 08:00:00
32,Peru,5,0,2009-05-23 08:00:00
33,Philippines,1,0,2009-05-23 08:00:00
34,Poland,2,0,2009-05-23 08:00:00
35,Portugal,1,0,2009-05-23 08:00:00
36,Russia,1,0,2009-05-23 08:00:00
37,Spain,126,0,2009-05-23 08:00:00
38,Sweden,3,0,2009-05-23 08:00:00
39,Switzerland,2,0,2009-05-23 08:00:00
40,Thailand,2,0,2009-05-23 08:00:00
41,Turkey,2,0,2009-05-23 08:00:00
42,United Kingdom,117,0,2009-05-23 08:00:00
43,United States of America,6552,9,2009-05-23 08:00:00
44,Argentina,2,0,2009-05-25 08:00:00
45,Australia,16,0,2009-05-25 08:00:00
46,Austria,1,0,2009-05-25 08:00:00
47,Belgium,7,0,2009-05-25 08:00:00
48,Brazil,9,0,2009-05-25 08:00:00
49,Canada,805,1,2009-05-25 08:00:00
50,Chile,44,0,2009-05-25 08:00:00
51,China,15,0,2009-05-25 08:00:00
52,Colombia,13,0,2009-05-25 08:00:00
53,Costa Rica,28,1,2009-05-25 08:00:00
54,Cuba,4,0,2009-05-25 08:00:00
55,Denmark,1,0,2009-05-25 08:00:00
56,Ecuador,10,0,2009-05-25 08:00:00
57,El Salvador,6,0,2009-05-25 08:00:00
58,Finland,2,0,2009-05-25 08:00:00
59,France,16,0,2009-05-25 08:00:00
60,Germany,17,0,2009-05-25 08:00:00
61,Greece,1,0,2009-05-25 08:00:00
62,Guatemala,4,0,2009-05-25 08:00:00
63,Honduras,1,0,2009-05-25 08:00:00
64,Iceland,1,0,2009-05-25 08:00:00
65,India,1,0,2009-05-25 08:00:00
66,Ireland,1,0,2009-05-25 08:00:00
67,Israel,8,0,2009-05-25 08:00:00
68,Italy,19,0,2009-05-25 08:00:00
69,Japan,345,0,2009-05-25 08:00:00
70,Korea,3,0,2009-05-25 08:00:00
71,Kuwait,18,0,2009-05-25 08:00:00
72,Malaysia,2,0,2009-05-25 08:00:00
73,Mexico,4174,80,2009-05-25 08:00:00
74,Netherlands,3,0,2009-05-25 08:00:00
75,New Zealand,9,0,2009-05-25 08:00:00
76,Norway,4,0,2009-05-25 08:00:00
77,Panama,76,0,2009-05-25 08:00:00
78,Peru,25,0,2009-05-25 08:00:00
79,Philippines,1,0,2009-05-25 08:00:00
80,Poland,3,0,2009-05-25 08:00:00
81,Portugal,1,0,2009-05-25 08:00:00
82,Russia,1,0,2009-05-25 08:00:00
83,Spain,133,0,2009-05-25 08:00:00
84,Sweden,3,0,2009-05-25 08:00:00
85,Switzerland,3,0,2009-05-25 08:00:00
86,Thailand,2,0,2009-05-25 08:00:00
87,Turkey,2,0,2009-05-25 08:00:00
88,United Kingdom,122,0,2009-05-25 08:00:00
89,United States of America,6552,9,2009-05-25 08:00:00
90,Argentina,5,0,2009-05-26 06:00:00
91,Australia,19,0,2009-05-26 06:00:00
92,Austria,1,0,2009-05-26 06:00:00
93,Belgium,7,0,2009-05-26 06:00:00
94,Brazil,9,0,2009-05-26 06:00:00
95,Canada,921,1,2009-05-26 06:00:00
96,Chile,74,0,2009-05-26 06:00:00
97,China,20,0,2009-05-26 06:00:00
98,Colombia,16,0,2009-05-26 06:00:00
99,Costa Rica,33,1,2009-05-26 06:00:00
100,Cuba,4,0,2009-05-26 06:00:00
101,Denmark,1,0,2009-05-26 06:00:00
102,Ecuador,24,0,2009-05-26 06:00:00
103,El Salvador,6,0,2009-05-26 06:00:00
104,Finland,2,0,2009-05-26 06:00:00
105,France,16,0,2009-05-26 06:00:00
106,Germany,17,0,2009-05-26 06:00:00
107,Greece,1,0,2009-05-26 06:00:00
108,Guatemala,4,0,2009-05-26 06:00:00
109,Honduras,1,0,2009-05-26 06:00:00
110,Iceland,1,0,2009-05-26 06:00:00
111,India,1,0,2009-05-26 06:00:00
112,Ireland,1,0,2009-05-26 06:00:00
113,Israel,8,0,2009-05-26 06:00:00
114,Italy,19,0,2009-05-26 06:00:00
115,Japan,350,0,2009-05-26 06:00:00
116,Korea,21,0,2009-05-26 06:00:00
117,Kuwait,18,0,2009-05-26 06:00:00
118,Malaysia,2,0,2009-05-26 06:00:00
119,Mexico,4174,80,2009-05-26 06:00:00
120,Netherlands,3,0,2009-05-26 06:00:00
121,New Zealand,9,0,2009-05-26 06:00:00
122,Norway,4,0,2009-05-26 06:00:00
123,Panama,76,0,2009-05-26 06:00:00
124,Peru,27,0,2009-05-26 06:00:00
125,Philippines,2,0,2009-05-26 06:00:00
126,Poland,3,0,2009-05-26 06:00:00
127,Portugal,1,0,2009-05-26 06:00:00
128,Russia,2,0,2009-05-26 06:00:00
129,Spain,136,0,2009-05-26 06:00:00
130,Sweden,3,0,2009-05-26 06:00:00
131,Switzerland,3,0,2009-05-26 06:00:00
132,Thailand,2,0,2009-05-26 06:00:00
133,Turkey,2,0,2009-05-26 06:00:00
134,United Kingdom,137,0,2009-05-26 06:00:00
135,United States of America,6764,10,2009-05-26 06:00:00
136,Argentina,19,0,2009-05-27 08:00:00
137,Australia,39,0,2009-05-27 08:00:00
138,Austria,1,0,2009-05-27 08:00:00
139,Bahrain,1,0,2009-05-27 08:00:00
140,Belgium,7,0,2009-05-27 08:00:00
141,Brazil,9,0,2009-05-27 08:00:00
142,Canada,921,1,2009-05-27 08:00:00
143,Chile,86,0,2009-05-27 08:00:00
144,China,22,0,2009-05-27 08:00:00
145,Colombia,16,0,2009-05-27 08:00:00
146,Costa Rica,33,1,2009-05-27 08:00:00
147,Cuba,4,0,2009-05-27 08:00:00
148,Denmark,1,0,2009-05-27 08:00:00
149,Ecuador,28,0,2009-05-27 08:00:00
150,El Salvador,11,0,2009-05-27 08:00:00
151,Finland,2,0,2009-05-27 08:00:00
152,France,16,0,2009-05-27 08:00:00
153,Germany,17,0,2009-05-27 08:00:00
154,Greece,1,0,2009-05-27 08:00:00
155,Guatemala,5,0,2009-05-27 08:00:00
156,Honduras,1,0,2009-05-27 08:00:00
157,Iceland,1,0,2009-05-27 08:00:00
158,India,1,0,2009-05-27 08:00:00
159,Ireland,1,0,2009-05-27 08:00:00
160,Israel,9,0,2009-05-27 08:00:00
161,Italy,23,0,2009-05-27 08:00:00
162,Japan,360,0,2009-05-27 08:00:00
163,Korea,21,0,2009-05-27 08:00:00
164,Kuwait,18,0,2009-05-27 08:00:00
165,Malaysia,2,0,2009-05-27 08:00:00
166,Mexico,4541,83,2009-05-27 08:00:00
167,Netherlands,3,0,2009-05-27 08:00:00
168,New Zealand,9,0,2009-05-27 08:00:00
169,Norway,4,0,2009-05-27 08:00:00
170,Panama,76,0,2009-05-27 08:00:00
171,Peru,27,0,2009-05-27 08:00:00
172,Philippines,2,0,2009-05-27 08:00:00
173,Poland,3,0,2009-05-27 08:00:00
174,Portugal,1,0,2009-05-27 08:00:00
175,Russia,2,0,2009-05-27 08:00:00
176,Singapore,1,0,2009-05-27 08:00:00
177,Spain,138,0,2009-05-27 08:00:00
178,Sweden,3,0,2009-05-27 08:00:00
179,Switzerland,3,0,2009-05-27 08:00:00
180,Thailand,2,0,2009-05-27 08:00:00
181,Turkey,2,0,2009-05-27 08:00:00
182,United Kingdom,137,0,2009-05-27 08:00:00
183,United States of America,6764,10,2009-05-27 08:00:00
184,Argentina,37,0,2009-05-29 06:00:00
185,Australia,147,0,2009-05-29 06:00:00
186,Austria,1,0,2009-05-29 06:00:00
187,Bahrain,1,0,2009-05-29 06:00:00
188,Belgium,8,0,2009-05-29 06:00:00
189,Brazil,10,0,2009-05-29 06:00:00
190,Canada,1118,2,2009-05-29 06:00:00
191,Chile,165,0,2009-05-29 06:00:00
192,China,30,0,2009-05-29 06:00:00
193,Colombia,17,0,2009-05-29 06:00:00
194,Costa Rica,33,1,2009-05-29 06:00:00
195,Cuba,4,0,2009-05-29 06:00:00
196,Czech Republic,1,0,2009-05-29 06:00:00
197,Denmark,1,0,2009-05-29 06:00:00
198,Dominican Republic,2,0,2009-05-29 06:00:00
199,Ecuador,32,0,2009-05-29 06:00:00
200,El Salvador,11,0,2009-05-29 06:00:00
201,Finland,3,0,2009-05-29 06:00:00
202,France,21,0,2009-05-29 06:00:00
203,Germany,19,0,2009-05-29 06:00:00
204,Greece,3,0,2009-05-29 06:00:00
205,Guatemala,5,0,2009-05-29 06:00:00
206,Honduras,1,0,2009-05-29 06:00:00
207,Iceland,1,0,2009-05-29 06:00:00
208,India,1,0,2009-05-29 06:00:00
209,Ireland,3,0,2009-05-29 06:00:00
210,Israel,11,0,2009-05-29 06:00:00
211,Italy,26,0,2009-05-29 06:00:00
212,Japan,364,0,2009-05-29 06:00:00
213,Korea,33,0,2009-05-29 06:00:00
214,Kuwait,18,0,2009-05-29 06:00:00
215,Malaysia,2,0,2009-05-29 06:00:00
216,Mexico,4910,85,2009-05-29 06:00:00
217,Netherlands,3,0,2009-05-29 06:00:00
218,New Zealand,9,0,2009-05-29 06:00:00
219,Norway,4,0,2009-05-29 06:00:00
220,Panama,107,0,2009-05-29 06:00:00
221,Peru,31,0,2009-05-29 06:00:00
222,Philippines,6,0,2009-05-29 06:00:00
223,Poland,4,0,2009-05-29 06:00:00
224,Portugal,1,0,2009-05-29 06:00:00
225,Romania,3,0,2009-05-29 06:00:00
226,Russia,2,0,2009-05-29 06:00:00
227,Singapore,4,0,2009-05-29 06:00:00
228,Slovakia,1,0,2009-05-29 06:00:00
229,Spain,143,0,2009-05-29 06:00:00
230,Sweden,4,0,2009-05-29 06:00:00
231,Switzerland,4,0,2009-05-29 06:00:00
232,Thailand,2,0,2009-05-29 06:00:00
233,Turkey,2,0,2009-05-29 06:00:00
234,United Kingdom,203,0,2009-05-29 06:00:00
235,United States of America,7927,11,2009-05-29 06:00:00
236,Uruguay,2,0,2009-05-29 06:00:00
237,Argentina,100,0,2009-06-01 06:00:00
238,Australia,297,0,2009-06-01 06:00:00
239,Austria,1,0,2009-06-01 06:00:00
240,Bahamas,1,0,2009-06-01 06:00:00
241,Bahrain,1,0,2009-06-01 06:00:00
242,Belgium,12,0,2009-06-01 06:00:00
243,Bolivia,3,0,2009-06-01 06:00:00
244,Brazil,18,0,2009-06-01 06:00:00
245,Canada,1336,2,2009-06-01 06:00:00
246,Chile,250,0,2009-06-01 06:00:00
247,China,52,0,2009-06-01 06:00:00
248,Colombia,20,0,2009-06-01 06:00:00
249,Costa Rica,37,1,2009-06-01 06:00:00
250,Cuba,4,0,2009-06-01 06:00:00
251,Cyprus,1,0,2009-06-01 06:00:00
252,Czech Republic,1,0,2009-06-01 06:00:00
253,Denmark,1,0,2009-06-01 06:00:00
254,Dominican Republic,2,0,2009-06-01 06:00:00
255,Ecuador,39,0,2009-06-01 06:00:00
256,El Salvador,27,0,2009-06-01 06:00:00
257,Estonia,1,0,2009-06-01 06:00:00
258,Finland,3,0,2009-06-01 06:00:00
259,France,24,0,2009-06-01 06:00:00
260,Germany,28,0,2009-06-01 06:00:00
261,Greece,4,0,2009-06-01 06:00:00
262,Guatemala,12,0,2009-06-01 06:00:00
263,Honduras,2,0,2009-06-01 06:00:00
264,Hungary,1,0,2009-06-01 06:00:00
265,Iceland,1,0,2009-06-01 06:00:00
266,India,1,0,2009-06-01 06:00:00
267,Ireland,4,0,2009-06-01 06:00:00
268,Israel,19,0,2009-06-01 06:00:00
269,Italy,29,0,2009-06-01 06:00:00
270,Jamaica,2,0,2009-06-01 06:00:00
271,Japan,370,0,2009-06-01 06:00:00
272,Korea,33,0,2009-06-01 06:00:00
273,Kuwait,18,0,2009-06-01 06:00:00
274,Malaysia,2,0,2009-06-01 06:00:00
275,Mexico,5029,97,2009-06-01 06:00:00
276,Netherlands,3,0,2009-06-01 06:00:00
277,New Zealand,9,0,2009-06-01 06:00:00
278,Norway,4,0,2009-06-01 06:00:00
279,Panama,107,0,2009-06-01 06:00:00
280,Paraguay,5,0,2009-06-01 06:00:00
281,Peru,36,0,2009-06-01 06:00:00
282,Philippines,16,0,2009-06-01 06:00:00
283,Poland,4,0,2009-06-01 06:00:00
284,Portugal,1,0,2009-06-01 06:00:00
285,Romania,3,0,2009-06-01 06:00:00
286,Russia,3,0,2009-06-01 06:00:00
287,Singapore,5,0,2009-06-01 06:00:00
288,Slovakia,2,0,2009-06-01 06:00:00
289,Spain,178,0,2009-06-01 06:00:00
290,Sweden,4,0,2009-06-01 06:00:00
291,Switzerland,8,0,2009-06-01 06:00:00
292,Thailand,2,0,2009-06-01 06:00:00
293,Turkey,4,0,2009-06-01 06:00:00
294,United Kingdom,229,0,2009-06-01 06:00:00
295,United States of America,8975,15,2009-06-01 06:00:00
296,Uruguay,11,0,2009-06-01 06:00:00
297,Venezuela,2,0,2009-06-01 06:00:00
298,Viet Nam,1,0,2009-06-01 06:00:00
299,Argentina,131,0,2009-06-03 06:00:00
300,Australia,501,0,2009-06-03 06:00:00
301,Austria,1,0,2009-06-03 06:00:00
302,Bahamas,1,0,2009-06-03 06:00:00
303,Bahrain,1,0,2009-06-03 06:00:00
304,Belgium,13,0,2009-06-03 06:00:00
305,Bolivia,3,0,2009-06-03 06:00:00
306,Brazil,20,0,2009-06-03 06:00:00
307,Bulgaria,1,0,2009-06-03 06:00:00
308,Canada,1530,2,2009-06-03 06:00:00
309,Chile,313,0,2009-06-03 06:00:00
310,China,69,0,2009-06-03 06:00:00
311,Colombia,20,0,2009-06-03 06:00:00
312,Costa Rica,50,1,2009-06-03 06:00:00
313,Cuba,4,0,2009-06-03 06:00:00
314,Cyprus,1,0,2009-06-03 06:00:00
315,Czech Republic,1,0,2009-06-03 06:00:00
316,Denmark,1,0,2009-06-03 06:00:00
317,Dominican Republic,11,0,2009-06-03 06:00:00
318,Ecuador,39,0,2009-06-03 06:00:00
319,Egypt,1,0,2009-06-03 06:00:00
320,El Salvador,41,0,2009-06-03 06:00:00
321,Estonia,1,0,2009-06-03 06:00:00
322,Finland,4,0,2009-06-03 06:00:00
323,France,26,0,2009-06-03 06:00:00
324,Germany,28,0,2009-06-03 06:00:00
325,Greece,5,0,2009-06-03 06:00:00
326,Guatemala,14,0,2009-06-03 06:00:00
327,Honduras,2,0,2009-06-03 06:00:00
328,Hungary,1,0,2009-06-03 06:00:00
329,Iceland,1,0,2009-06-03 06:00:00
330,India,1,0,2009-06-03 06:00:00
331,Ireland,4,0,2009-06-03 06:00:00
332,Israel,33,0,2009-06-03 06:00:00
333,Italy,30,0,2009-06-03 06:00:00
334,Jamaica,2,0,2009-06-03 06:00:00
335,Japan,385,0,2009-06-03 06:00:00
336,Korea,41,0,2009-06-03 06:00:00
337,Kuwait,18,0,2009-06-03 06:00:00
338,Lebanon,3,0,2009-06-03 06:00:00
339,Malaysia,2,0,2009-06-03 06:00:00
340,Mexico,5029,97,2009-06-03 06:00:00
341,Netherlands,4,0,2009-06-03 06:00:00
342,New Zealand,10,0,2009-06-03 06:00:00
343,Nicaragua,1,0,2009-06-03 06:00:00
344,Norway,4,0,2009-06-03 06:00:00
345,Panama,155,0,2009-06-03 06:00:00
346,Paraguay,5,0,2009-06-03 06:00:00
347,Peru,40,0,2009-06-03 06:00:00
348,Philippines,16,0,2009-06-03 06:00:00
349,Poland,4,0,2009-06-03 06:00:00
350,Portugal,2,0,2009-06-03 06:00:00
351,Romania,5,0,2009-06-03 06:00:00
352,Russia,3,0,2009-06-03 06:00:00
353,Singapore,9,0,2009-06-03 06:00:00
354,Slovakia,2,0,2009-06-03 06:00:00
355,Spain,180,0,2009-06-03 06:00:00
356,Sweden,7,0,2009-06-03 06:00:00
357,Switzerland,10,0,2009-06-03 06:00:00
358,Thailand,2,0,2009-06-03 06:00:00
359,Turkey,4,0,2009-06-03 06:00:00
360,United Kingdom,339,0,2009-06-03 06:00:00
361,United States of America,10053,17,2009-06-03 06:00:00
362,Uruguay,15,0,2009-06-03 06:00:00
363,Venezuela,3,0,2009-06-03 06:00:00
364,Viet Nam,3,0,2009-06-03 06:00:00
365,Argentina,147,0,2009-06-05 06:00:00
366,Australia,876,0,2009-06-05 06:00:00
367,Austria,2,0,2009-06-05 06:00:00
368,Bahamas,1,0,2009-06-05 06:00:00
369,Bahrain,1,0,2009-06-05 06:00:00
370,Barbados,1,0,2009-06-05 06:00:00
371,Belgium,13,0,2009-06-05 06:00:00
372,Bolivia,3,0,2009-06-05 06:00:00
373,Brazil,28,0,2009-06-05 06:00:00
374,Bulgaria,1,0,2009-06-05 06:00:00
375,Canada,1795,3,2009-06-05 06:00:00
376,Chile,369,1,2009-06-05 06:00:00
377,China,89,0,2009-06-05 06:00:00
378,Colombia,24,0,2009-06-05 06:00:00
379,Costa Rica,68,1,2009-06-05 06:00:00
380,Cuba,4,0,2009-06-05 06:00:00
381,Cyprus,1,0,2009-06-05 06:00:00
382,Czech Republic,2,0,2009-06-05 06:00:00
383,Denmark,4,0,2009-06-05 06:00:00
384,Dominican Republic,33,0,2009-06-05 06:00:00
385,Ecuador,43,0,2009-06-05 06:00:00
386,Egypt,1,0,2009-06-05 06:00:00
387,El Salvador,49,0,2009-06-05 06:00:00
388,Estonia,3,0,2009-06-05 06:00:00
389,Finland,4,0,2009-06-05 06:00:00
390,France,47,0,2009-06-05 06:00:00
391,Germany,43,0,2009-06-05 06:00:00
392,Greece,5,0,2009-06-05 06:00:00
393,Guatemala,23,0,2009-06-05 06:00:00
394,Honduras,34,0,2009-06-05 06:00:00
395,Hungary,3,0,2009-06-05 06:00:00
396,Iceland,1,0,2009-06-05 06:00:00
397,India,4,0,2009-06-05 06:00:00
398,Ireland,8,0,2009-06-05 06:00:00
399,Israel,39,0,2009-06-05 06:00:00
400,Italy,38,0,2009-06-05 06:00:00
401,Jamaica,2,0,2009-06-05 06:00:00
402,Japan,410,0,2009-06-05 06:00:00
403,Korea,41,0,2009-06-05 06:00:00
404,Kuwait,18,0,2009-06-05 06:00:00
405,Lebanon,3,0,2009-06-05 06:00:00
406,Luxembourg,1,0,2009-06-05 06:00:00
407,Malaysia,2,0,2009-06-05 06:00:00
408,Mexico,5563,103,2009-06-05 06:00:00
409,Netherlands,4,0,2009-06-05 06:00:00
410,New Zealand,11,0,2009-06-05 06:00:00
411,Nicaragua,5,0,2009-06-05 06:00:00
412,Norway,9,0,2009-06-05 06:00:00
413,Panama,173,0,2009-06-05 06:00:00
414,Paraguay,5,0,2009-06-05 06:00:00
415,Peru,47,0,2009-06-05 06:00:00
416,Philippines,29,0,2009-06-05 06:00:00
417,Poland,4,0,2009-06-05 06:00:00
418,Portugal,2,0,2009-06-05 06:00:00
419,Romania,8,0,2009-06-05 06:00:00
420,Russia,3,0,2009-06-05 06:00:00
421,Saudi Arabia,1,0,2009-06-05 06:00:00
422,Singapore,12,0,2009-06-05 06:00:00
423,Slovakia,3,0,2009-06-05 06:00:00
424,Spain,218,0,2009-06-05 06:00:00
425,Sweden,13,0,2009-06-05 06:00:00
426,Switzerland,10,0,2009-06-05 06:00:00
427,Thailand,8,0,2009-06-05 06:00:00
428,Turkey,8,0,2009-06-05 06:00:00
429,United Kingdom,428,0,2009-06-05 06:00:00
430,United States of America,11054,17,2009-06-05 06:00:00
431,Uruguay,15,0,2009-06-05 06:00:00
432,Venezuela,4,0,2009-06-05 06:00:00
433,Viet Nam,3,0,2009-06-05 06:00:00
434,Argentina,202,0,2009-06-08 06:00:00
435,Australia,1051,0,2009-06-08 06:00:00
436,Austria,5,0,2009-06-08 06:00:00
437,Bahamas,1,0,2009-06-08 06:00:00
438,Bahrain,1,0,2009-06-08 06:00:00
439,Barbados,2,0,2009-06-08 06:00:00
440,Belgium,14,0,2009-06-08 06:00:00
441,Bolivia,3,0,2009-06-08 06:00:00
442,Brazil,35,0,2009-06-08 06:00:00
443,Bulgaria,2,0,2009-06-08 06:00:00
444,Canada,2115,3,2009-06-08 06:00:00
445,Cayman Islands,1,0,2009-06-08 06:00:00
446,Chile,411,1,2009-06-08 06:00:00
447,China,108,0,2009-06-08 06:00:00
448,Colombia,25,0,2009-06-08 06:00:00
449,Costa Rica,68,1,2009-06-08 06:00:00
450,Cuba,5,0,2009-06-08 06:00:00
451,Cyprus,1,0,2009-06-08 06:00:00
452,Czech Republic,2,0,2009-06-08 06:00:00
453,Denmark,7,0,2009-06-08 06:00:00
454,Dominica,1,0,2009-06-08 06:00:00
455,Dominican Republic,44,1,2009-06-08 06:00:00
456,Ecuador,60,0,2009-06-08 06:00:00
457,Egypt,1,0,2009-06-08 06:00:00
458,El Salvador,69,0,2009-06-08 06:00:00
459,Estonia,3,0,2009-06-08 06:00:00
460,Finland,4,0,2009-06-08 06:00:00
461,France,58,0,2009-06-08 06:00:00
462,Germany,63,0,2009-06-08 06:00:00
463,Greece,5,0,2009-06-08 06:00:00
464,Guatemala,30,0,2009-06-08 06:00:00
465,Honduras,34,0,2009-06-08 06:00:00
466,Hungary,3,0,2009-06-08 06:00:00
467,Iceland,1,0,2009-06-08 06:00:00
468,India,4,0,2009-06-08 06:00:00
469,Ireland,11,0,2009-06-08 06:00:00
470,Israel,54,0,2009-06-08 06:00:00
471,Italy,50,0,2009-06-08 06:00:00
472,Jamaica,4,0,2009-06-08 06:00:00
473,Japan,410,0,2009-06-08 06:00:00
474,Korea,47,0,2009-06-08 06:00:00
475,Kuwait,18,0,2009-06-08 06:00:00
476,Lebanon,3,0,2009-06-08 06:00:00
477,Luxembourg,1,0,2009-06-08 06:00:00
478,Malaysia,5,0,2009-06-08 06:00:00
479,Mexico,5717,106,2009-06-08 06:00:00
480,Netherlands,10,0,2009-06-08 06:00:00
481,New Zealand,14,0,2009-06-08 06:00:00
482,Nicaragua,18,0,2009-06-08 06:00:00
483,Norway,9,0,2009-06-08 06:00:00
484,Panama,179,0,2009-06-08 06:00:00
485,Paraguay,5,0,2009-06-08 06:00:00
486,Peru,61,0,2009-06-08 06:00:00
487,Philippines,33,0,2009-06-08 06:00:00
488,Poland,5,0,2009-06-08 06:00:00
489,Portugal,2,0,2009-06-08 06:00:00
490,Romania,9,0,2009-06-08 06:00:00
491,Russia,3,0,2009-06-08 06:00:00
492,Saudi Arabia,1,0,2009-06-08 06:00:00
493,Singapore,15,0,2009-06-08 06:00:00
494,Slovakia,3,0,2009-06-08 06:00:00
495,Spain,291,0,2009-06-08 06:00:00
496,Sweden,14,0,2009-06-08 06:00:00
497,Switzerland,16,0,2009-06-08 06:00:00
498,Thailand,8,0,2009-06-08 06:00:00
499,Trinidad and Tobago,2,0,2009-06-08 06:00:00
500,Turkey,10,0,2009-06-08 06:00:00
501,United Arab Emirates,1,0,2009-06-08 06:00:00
502,United Kingdom,557,0,2009-06-08 06:00:00
503,United States of America,13217,27,2009-06-08 06:00:00
504,Uruguay,17,0,2009-06-08 06:00:00
505,Venezuela,4,0,2009-06-08 06:00:00
506,Viet Nam,9,0,2009-06-08 06:00:00
507,Argentina,235,0,2009-06-10 06:00:00
508,Australia,1224,0,2009-06-10 06:00:00
509,Austria,5,0,2009-06-10 06:00:00
510,Bahamas,2,0,2009-06-10 06:00:00
511,Bahrain,1,0,2009-06-10 06:00:00
512,Barbados,2,0,2009-06-10 06:00:00
513,Belgium,14,0,2009-06-10 06:00:00
514,Bolivia,3,0,2009-06-10 06:00:00
515,Brazil,36,0,2009-06-10 06:00:00
516,Bulgaria,2,0,2009-06-10 06:00:00
517,Canada,2446,4,2009-06-10 06:00:00
518,Cayman Islands,1,0,2009-06-10 06:00:00
519,Chile,1694,2,2009-06-10 06:00:00
520,China,142,0,2009-06-10 06:00:00
521,Colombia,35,0,2009-06-10 06:00:00
522,Costa Rica,93,1,2009-06-10 06:00:00
523,Cuba,5,0,2009-06-10 06:00:00
524,Cyprus,1,0,2009-06-10 06:00:00
525,Czech Republic,2,0,2009-06-10 06:00:00
526,Denmark,8,0,2009-06-10 06:00:00
527,Dominica,1,0,2009-06-10 06:00:00
528,Dominican Republic,91,1,2009-06-10 06:00:00
529,Ecuador,60,0,2009-06-10 06:00:00
530,Egypt,8,0,2009-06-10 06:00:00
531,El Salvador,69,0,2009-06-10 06:00:00
532,Estonia,4,0,2009-06-10 06:00:00
533,Finland,4,0,2009-06-10 06:00:00
534,France,71,0,2009-06-10 06:00:00
535,Germany,78,0,2009-06-10 06:00:00
536,Greece,5,0,2009-06-10 06:00:00
537,Guatemala,60,0,2009-06-10 06:00:00
538,Honduras,89,0,2009-06-10 06:00:00
539,Hungary,3,0,2009-06-10 06:00:00
540,Iceland,2,0,2009-06-10 06:00:00
541,India,4,0,2009-06-10 06:00:00
542,Ireland,12,0,2009-06-10 06:00:00
543,Israel,63,0,2009-06-10 06:00:00
544,Italy,50,0,2009-06-10 06:00:00
545,Jamaica,7,0,2009-06-10 06:00:00
546,Japan,485,0,2009-06-10 06:00:00
547,Korea,48,0,2009-06-10 06:00:00
548,Kuwait,18,0,2009-06-10 06:00:00
549,Lebanon,8,0,2009-06-10 06:00:00
550,Luxembourg,1,0,2009-06-10 06:00:00
551,Malaysia,5,0,2009-06-10 06:00:00
552,Mexico,5717,106,2009-06-10 06:00:00
553,Netherlands,22,0,2009-06-10 06:00:00
554,New Zealand,23,0,2009-06-10 06:00:00
555,Nicaragua,29,0,2009-06-10 06:00:00
556,Norway,9,0,2009-06-10 06:00:00
557,Panama,221,0,2009-06-10 06:00:00
558,Paraguay,16,0,2009-06-10 06:00:00
559,Peru,64,0,2009-06-10 06:00:00
560,Philippines,54,0,2009-06-10 06:00:00
561,Poland,6,0,2009-06-10 06:00:00
562,Portugal,2,0,2009-06-10 06:00:00
563,Romania,9,0,2009-06-10 06:00:00
564,Russia,3,0,2009-06-10 06:00:00
565,Saudi Arabia,1,0,2009-06-10 06:00:00
566,Singapore,18,0,2009-06-10 06:00:00
567,Slovakia,3,0,2009-06-10 06:00:00
568,Spain,331,0,2009-06-10 06:00:00
569,Sweden,16,0,2009-06-10 06:00:00
570,Switzerland,16,0,2009-06-10 06:00:00
571,Thailand,8,0,2009-06-10 06:00:00
572,Trinidad and Tobago,2,0,2009-06-10 06:00:00
573,Turkey,10,0,2009-06-10 06:00:00
574,Ukraine,1,0,2009-06-10 06:00:00
575,United Arab Emirates,1,0,2009-06-10 06:00:00
576,United Kingdom,666,0,2009-06-10 06:00:00
577,United States of America,13217,27,2009-06-10 06:00:00
578,Uruguay,24,0,2009-06-10 06:00:00
579,Venezuela,12,0,2009-06-10 06:00:00
580,Viet Nam,15,0,2009-06-10 06:00:00
581,Argentina,256,0,2009-06-11 14:00:00
582,Australia,1307,0,2009-06-11 14:00:00
583,Austria,7,0,2009-06-11 14:00:00
584,Bahamas,1,0,2009-06-11 14:00:00
585,Bahrain,1,0,2009-06-11 14:00:00
586,Barbados,3,0,2009-06-11 14:00:00
587,Belgium,14,0,2009-06-11 14:00:00
588,Bolivia,5,0,2009-06-11 14:00:00
589,Brazil,40,0,2009-06-11 14:00:00
590,Bulgaria,2,0,2009-06-11 14:00:00
591,Canada,2446,4,2009-06-11 14:00:00
592,Cayman Islands,2,0,2009-06-11 14:00:00
593,Chile,1694,2,2009-06-11 14:00:00
594,China,174,0,2009-06-11 14:00:00
595,Colombia,35,1,2009-06-11 14:00:00
596,Costa Rica,104,1,2009-06-11 14:00:00
597,Cuba,5,0,2009-06-11 14:00:00
598,Cyprus,1,0,2009-06-11 14:00:00
599,Czech Republic,4,0,2009-06-11 14:00:00
600,Denmark,10,0,2009-06-11 14:00:00
601,Dominica,1,0,2009-06-11 14:00:00
602,Dominican Republic,91,1,2009-06-11 14:00:00
603,Ecuador,67,0,2009-06-11 14:00:00
604,Egypt,10,0,2009-06-11 14:00:00
605,El Salvador,69,0,2009-06-11 14:00:00
606,Estonia,4,0,2009-06-11 14:00:00
607,Finland,4,0,2009-06-11 14:00:00
608,France,73,0,2009-06-11 14:00:00
609,Germany,95,0,2009-06-11 14:00:00
610,Greece,7,0,2009-06-11 14:00:00
611,Guatemala,60,0,2009-06-11 14:00:00
612,Honduras,89,0,2009-06-11 14:00:00
613,Hungary,4,0,2009-06-11 14:00:00
614,Iceland,3,0,2009-06-11 14:00:00
615,India,9,0,2009-06-11 14:00:00
616,Ireland,12,0,2009-06-11 14:00:00
617,Israel,68,0,2009-06-11 14:00:00
618,Italy,54,0,2009-06-11 14:00:00
619,Jamaica,10,0,2009-06-11 14:00:00
620,Japan,518,0,2009-06-11 14:00:00
621,Korea,53,0,2009-06-11 14:00:00
622,Kuwait,18,0,2009-06-11 14:00:00
623,Lebanon,8,0,2009-06-11 14:00:00
624,Luxembourg,1,0,2009-06-11 14:00:00
625,Malaysia,5,0,2009-06-11 14:00:00
626,Mexico,6241,108,2009-06-11 14:00:00
627,Netherlands,30,0,2009-06-11 14:00:00
628,New Zealand,23,0,2009-06-11 14:00:00
629,Nicaragua,45,0,2009-06-11 14:00:00
630,Norway,13,0,2009-06-11 14:00:00
631,Panama,221,0,2009-06-11 14:00:00
632,Paraguay,25,0,2009-06-11 14:00:00
633,Peru,64,0,2009-06-11 14:00:00
634,Philippines,77,0,2009-06-11 14:00:00
635,Poland,7,0,2009-06-11 14:00:00
636,Portugal,2,0,2009-06-11 14:00:00
637,Romania,11,0,2009-06-11 14:00:00
638,Russia,3,0,2009-06-11 14:00:00
639,Saudi Arabia,1,0,2009-06-11 14:00:00
640,Singapore,18,0,2009-06-11 14:00:00
641,Slovakia,3,0,2009-06-11 14:00:00
642,Spain,357,0,2009-06-11 14:00:00
643,Sweden,19,0,2009-06-11 14:00:00
644,Switzerland,20,0,2009-06-11 14:00:00
645,Thailand,8,0,2009-06-11 14:00:00
646,Trinidad and Tobago,2,0,2009-06-11 14:00:00
647,Turkey,10,0,2009-06-11 14:00:00
648,Ukraine,1,0,2009-06-11 14:00:00
649,United Arab Emirates,1,0,2009-06-11 14:00:00
650,United Kingdom,822,0,2009-06-11 14:00:00
651,United States of America,13217,27,2009-06-11 14:00:00
652,Uruguay,24,0,2009-06-11 14:00:00
653,Venezuela,13,0,2009-06-11 14:00:00
654,Viet Nam,16,0,2009-06-11 14:00:00
655,Argentina,343,0,2009-06-12 07:00:00
656,Australia,1307,0,2009-06-12 07:00:00
657,Austria,7,0,2009-06-12 07:00:00
658,Bahamas,1,0,2009-06-12 07:00:00
659,Bahrain,1,0,2009-06-12 07:00:00
660,Barbados,3,0,2009-06-12 07:00:00
661,Belgium,14,0,2009-06-12 07:00:00
662,Bolivia,5,0,2009-06-12 07:00:00
663,Brazil,52,0,2009-06-12 07:00:00
664,Bulgaria,2,0,2009-06-12 07:00:00
665,Canada,2978,4,2009-06-12 07:00:00
666,Cayman Islands,2,0,2009-06-12 07:00:00
667,Chile,1694,2,2009-06-12 07:00:00
668,China,188,0,2009-06-12 07:00:00
669,Colombia,35,1,2009-06-12 07:00:00
670,Costa Rica,104,1,2009-06-12 07:00:00
671,Cuba,6,0,2009-06-12 07:00:00
672,Cyprus,1,0,2009-06-12 07:00:00
673,Czech Republic,4,0,2009-06-12 07:00:00
674,Denmark,11,0,2009-06-12 07:00:00
675,Dominica,1,0,2009-06-12 07:00:00
676,Dominican Republic,91,1,2009-06-12 07:00:00
677,Ecuador,67,0,2009-06-12 07:00:00
678,Egypt,10,0,2009-06-12 07:00:00
679,El Salvador,69,0,2009-06-12 07:00:00
680,Estonia,4,0,2009-06-12 07:00:00
681,Finland,4,0,2009-06-12 07:00:00
682,France,73,0,2009-06-12 07:00:00
683,Germany,95,0,2009-06-12 07:00:00
684,Greece,7,0,2009-06-12 07:00:00
685,Guatemala,74,1,2009-06-12 07:00:00
686,Honduras,89,0,2009-06-12 07:00:00
687,Hungary,4,0,2009-06-12 07:00:00
688,Iceland,4,0,2009-06-12 07:00:00
689,India,9,0,2009-06-12 07:00:00
690,Ireland,12,0,2009-06-12 07:00:00
691,Israel,68,0,2009-06-12 07:00:00
692,Italy,56,0,2009-06-12 07:00:00
693,Jamaica,11,0,2009-06-12 07:00:00
694,Japan,549,0,2009-06-12 07:00:00
695,Korea,53,0,2009-06-12 07:00:00
696,Kuwait,18,0,2009-06-12 07:00:00
697,Lebanon,8,0,2009-06-12 07:00:00
698,Luxembourg,1,0,2009-06-12 07:00:00
699,Malaysia,5,0,2009-06-12 07:00:00
700,Mexico,6241,108,2009-06-12 07:00:00
701,Netherlands,35,0,2009-06-12 07:00:00
702,New Zealand,27,0,2009-06-12 07:00:00
703,Nicaragua,56,0,2009-06-12 07:00:00
704,Norway,13,0,2009-06-12 07:00:00
705,Panama,221,0,2009-06-12 07:00:00
706,Paraguay,25,0,2009-06-12 07:00:00
707,Peru,79,0,2009-06-12 07:00:00
708,Philippines,77,0,2009-06-12 07:00:00
709,Poland,7,0,2009-06-12 07:00:00
710,Portugal,2,0,2009-06-12 07:00:00
711,Romania,11,0,2009-06-12 07:00:00
712,Russia,3,0,2009-06-12 07:00:00
713,Saudi Arabia,1,0,2009-06-12 07:00:00
714,Singapore,18,0,2009-06-12 07:00:00
715,Slovakia,3,0,2009-06-12 07:00:00
716,Spain,488,0,2009-06-12 07:00:00
717,Sweden,19,0,2009-06-12 07:00:00
718,Switzerland,20,0,2009-06-12 07:00:00
719,Thailand,8,0,2009-06-12 07:00:00
720,Trinidad and Tobago,4,0,2009-06-12 07:00:00
721,Turkey,10,0,2009-06-12 07:00:00
722,Ukraine,1,0,2009-06-12 07:00:00
723,United Arab Emirates,1,0,2009-06-12 07:00:00
724,United Kingdom,822,0,2009-06-12 07:00:00
725,United States of America,13217,27,2009-06-12 07:00:00
726,Uruguay,36,0,2009-06-12 07:00:00
727,Venezuela,25,0,2009-06-12 07:00:00
728,Viet Nam,23,0,2009-06-12 07:00:00
729,Argentina,343,0,2009-06-15 17:00:00
730,Australia,1823,0,2009-06-15 17:00:00
731,Austria,7,0,2009-06-15 17:00:00
732,Bahamas,1,0,2009-06-15 17:00:00
733,Bahrain,1,0,2009-06-15 17:00:00
734,Barbados,3,0,2009-06-15 17:00:00
735,Belgium,17,0,2009-06-15 17:00:00
736,Bolivia,7,0,2009-06-15 17:00:00
737,Brazil,54,0,2009-06-15 17:00:00
738,Bulgaria,2,0,2009-06-15 17:00:00
739,Canada,2978,4,2009-06-15 17:00:00
740,Cayman Islands,2,0,2009-06-15 17:00:00
741,Chile,1694,2,2009-06-15 17:00:00
742,China,318,0,2009-06-15 17:00:00
743,Colombia,42,1,2009-06-15 17:00:00
744,Costa Rica,104,1,2009-06-15 17:00:00
745,Cuba,6,0,2009-06-15 17:00:00
746,Cyprus,1,0,2009-06-15 17:00:00
747,Czech Republic,4,0,2009-06-15 17:00:00
748,Denmark,12,0,2009-06-15 17:00:00
749,Dominica,1,0,2009-06-15 17:00:00
750,Dominican Republic,93,1,2009-06-15 17:00:00
751,Ecuador,80,0,2009-06-15 17:00:00
752,Egypt,18,0,2009-06-15 17:00:00
753,El Salvador,95,0,2009-06-15 17:00:00
754,Estonia,4,0,2009-06-15 17:00:00
755,Finland,4,0,2009-06-15 17:00:00
756,France,80,0,2009-06-15 17:00:00
757,Germany,170,0,2009-06-15 17:00:00
758,Greece,19,0,2009-06-15 17:00:00
759,Guatemala,119,1,2009-06-15 17:00:00
760,Honduras,89,0,2009-06-15 17:00:00
761,Hungary,4,0,2009-06-15 17:00:00
762,Iceland,4,0,2009-06-15 17:00:00
763,India,16,0,2009-06-15 17:00:00
764,Ireland,12,0,2009-06-15 17:00:00
765,Israel,117,0,2009-06-15 17:00:00
766,Italy,67,0,2009-06-15 17:00:00
767,Jamaica,11,0,2009-06-15 17:00:00
768,Japan,605,0,2009-06-15 17:00:00
769,Korea,65,0,2009-06-15 17:00:00
770,Kuwait,18,0,2009-06-15 17:00:00
771,Lebanon,8,0,2009-06-15 17:00:00
772,Luxembourg,1,0,2009-06-15 17:00:00
773,Malaysia,5,0,2009-06-15 17:00:00
774,Mexico,6241,108,2009-06-15 17:00:00
775,Morocco,1,0,2009-06-15 17:00:00
776,Netherlands,61,0,2009-06-15 17:00:00
777,New Zealand,86,0,2009-06-15 17:00:00
778,Nicaragua,56,0,2009-06-15 17:00:00
779,Norway,13,0,2009-06-15 17:00:00
780,Panama,272,0,2009-06-15 17:00:00
781,Paraguay,25,0,2009-06-15 17:00:00
782,Peru,91,0,2009-06-15 17:00:00
783,Philippines,77,0,2009-06-15 17:00:00
784,Poland,7,0,2009-06-15 17:00:00
785,Portugal,3,0,2009-06-15 17:00:00
786,Romania,13,0,2009-06-15 17:00:00
787,Russia,3,0,2009-06-15 17:00:00
788,Saudi Arabia,11,0,2009-06-15 17:00:00
789,Singapore,47,0,2009-06-15 17:00:00
790,Slovakia,3,0,2009-06-15 17:00:00
791,Spain,488,0,2009-06-15 17:00:00
792,Sweden,32,0,2009-06-15 17:00:00
793,Switzerland,22,0,2009-06-15 17:00:00
794,Thailand,29,0,2009-06-15 17:00:00
795,Trinidad and Tobago,5,0,2009-06-15 17:00:00
796,Turkey,10,0,2009-06-15 17:00:00
797,Ukraine,1,0,2009-06-15 17:00:00
798,United Arab Emirates,1,0,2009-06-15 17:00:00
799,United Kingdom,1226,0,2009-06-15 17:00:00
800,United States of America,17855,45,2009-06-15 17:00:00
801,Uruguay,36,0,2009-06-15 17:00:00
802,Venezuela,25,0,2009-06-15 17:00:00
803,Viet Nam,25,0,2009-06-15 17:00:00
804,West Bank and Gaza Strip,2,0,2009-06-15 17:00:00
805,Argentina,733,1,2009-06-17 12:00:00
806,Australia,2112,0,2009-06-17 12:00:00
807,Austria,7,0,2009-06-17 12:00:00
808,Bahamas,2,0,2009-06-17 12:00:00
809,Bahrain,12,0,2009-06-17 12:00:00
810,Barbados,3,0,2009-06-17 12:00:00
811,Belgium,19,0,2009-06-17 12:00:00
812,Bermuda,1,0,2009-06-17 12:00:00
813,Bolivia,11,0,2009-06-17 12:00:00
814,Brazil,79,0,2009-06-17 12:00:00
815,British Virgin Islands,1,0,2009-06-17 12:00:00
816,Bulgaria,2,0,2009-06-17 12:00:00
817,Canada,4049,7,2009-06-17 12:00:00
818,Cayman Islands,4,0,2009-06-17 12:00:00
819,Chile,2335,2,2009-06-17 12:00:00
820,China,382,0,2009-06-17 12:00:00
821,Colombia,53,1,2009-06-17 12:00:00
822,Costa Rica,149,1,2009-06-17 12:00:00
823,Cuba,7,0,2009-06-17 12:00:00
824,Cyprus,1,0,2009-06-17 12:00:00
825,Czech Republic,4,0,2009-06-17 12:00:00
826,Denmark,15,0,2009-06-17 12:00:00
827,Dominica,1,0,2009-06-17 12:00:00
828,Dominican Republic,93,1,2009-06-17 12:00:00
829,Ecuador,86,0,2009-06-17 12:00:00
830,Egypt,26,0,2009-06-17 12:00:00
831,El Salvador,125,0,2009-06-17 12:00:00
832,Estonia,4,0,2009-06-17 12:00:00
833,Finland,12,0,2009-06-17 12:00:00
834,France,120,0,2009-06-17 12:00:00
835,Germany,195,0,2009-06-17 12:00:00
836,Greece,23,0,2009-06-17 12:00:00
837,Guatemala,128,1,2009-06-17 12:00:00
838,Honduras,100,0,2009-06-17 12:00:00
839,Hungary,4,0,2009-06-17 12:00:00
840,Iceland,4,0,2009-06-17 12:00:00
841,India,30,0,2009-06-17 12:00:00
842,Ireland,12,0,2009-06-17 12:00:00
843,Israel,152,0,2009-06-17 12:00:00
844,Italy,72,0,2009-06-17 12:00:00
845,Jamaica,12,0,2009-06-17 12:00:00
846,Japan,666,0,2009-06-17 12:00:00
847,Jordan,2,0,2009-06-17 12:00:00
848,Korea,65,0,2009-06-17 12:00:00
849,Kuwait,18,0,2009-06-17 12:00:00
850,Lebanon,11,0,2009-06-17 12:00:00
851,Luxembourg,2,0,2009-06-17 12:00:00
852,Malaysia,17,0,2009-06-17 12:00:00
853,Mexico,6241,108,2009-06-17 12:00:00
854,Morocco,3,0,2009-06-17 12:00:00
855,Netherlands,69,0,2009-06-17 12:00:00
856,New Zealand,127,0,2009-06-17 12:00:00
857,Nicaragua,118,0,2009-06-17 12:00:00
858,Norway,13,0,2009-06-17 12:00:00
859,Panama,272,0,2009-06-17 12:00:00
860,Paraguay,25,0,2009-06-17 12:00:00
861,Peru,112,0,2009-06-17 12:00:00
862,Philippines,193,0,2009-06-17 12:00:00
863,Poland,7,0,2009-06-17 12:00:00
864,Portugal,3,0,2009-06-17 12:00:00
865,Qatar,3,0,2009-06-17 12:00:00
866,Romania,16,0,2009-06-17 12:00:00
867,Russia,3,0,2009-06-17 12:00:00
868,Samoa,1,0,2009-06-17 12:00:00
869,Saudi Arabia,17,0,2009-06-17 12:00:00
870,Singapore,49,0,2009-06-17 12:00:00
871,Slovakia,3,0,2009-06-17 12:00:00
872,Spain,499,0,2009-06-17 12:00:00
873,Sri Lanka,1,0,2009-06-17 12:00:00
874,Sweden,37,0,2009-06-17 12:00:00
875,Switzerland,27,0,2009-06-17 12:00:00
876,Thailand,310,0,2009-06-17 12:00:00
877,Trinidad and Tobago,5,0,2009-06-17 12:00:00
878,Turkey,16,0,2009-06-17 12:00:00
879,Ukraine,1,0,2009-06-17 12:00:00
880,United Arab Emirates,1,0,2009-06-17 12:00:00
881,United Kingdom,1463,1,2009-06-17 12:00:00
882,United States of America,17855,44,2009-06-17 12:00:00
883,Uruguay,36,0,2009-06-17 12:00:00
884,Venezuela,45,0,2009-06-17 12:00:00
885,Viet Nam,27,0,2009-06-17 12:00:00
886,West Bank and Gaza Strip,2,0,2009-06-17 12:00:00
887,Yemen,1,0,2009-06-17 12:00:00
888,Argentina,918,4,2009-06-19 07:00:00
889,Australia,2199,0,2009-06-19 07:00:00
890,Austria,8,0,2009-06-19 07:00:00
891,Bahamas,2,0,2009-06-19 07:00:00
892,Bahrain,12,0,2009-06-19 07:00:00
893,Barbados,4,0,2009-06-19 07:00:00
894,Belgium,19,0,2009-06-19 07:00:00
895,Bermuda,1,0,2009-06-19 07:00:00
896,Bolivia,11,0,2009-06-19 07:00:00
897,Brazil,96,0,2009-06-19 07:00:00
898,British Virgin Islands,1,0,2009-06-19 07:00:00
899,Bulgaria,2,0,2009-06-19 07:00:00
900,Canada,4905,12,2009-06-19 07:00:00
901,Cayman Islands,4,0,2009-06-19 07:00:00
902,Chile,3125,2,2009-06-19 07:00:00
903,China,519,0,2009-06-19 07:00:00
904,Colombia,60,1,2009-06-19 07:00:00
905,Costa Rica,149,1,2009-06-19 07:00:00
906,Cuba,15,0,2009-06-19 07:00:00
907,Cyprus,1,0,2009-06-19 07:00:00
908,Czech Republic,5,0,2009-06-19 07:00:00
909,Denmark,22,0,2009-06-19 07:00:00
910,Dominica,1,0,2009-06-19 07:00:00
911,Dominican Republic,93,1,2009-06-19 07:00:00
912,Ecuador,86,0,2009-06-19 07:00:00
913,Egypt,29,0,2009-06-19 07:00:00
914,El Salvador,160,0,2009-06-19 07:00:00
915,Estonia,5,0,2009-06-19 07:00:00
916,Finland,13,0,2009-06-19 07:00:00
917,France,133,0,2009-06-19 07:00:00
918,Germany,238,0,2009-06-19 07:00:00
919,Greece,31,0,2009-06-19 07:00:00
920,Guatemala,153,1,2009-06-19 07:00:00
921,Honduras,108,0,2009-06-19 07:00:00
922,Hungary,7,0,2009-06-19 07:00:00
923,Iceland,4,0,2009-06-19 07:00:00
924,India,30,0,2009-06-19 07:00:00
925,Ireland,16,0,2009-06-19 07:00:00
926,Israel,219,0,2009-06-19 07:00:00
927,Italy,88,0,2009-06-19 07:00:00
928,Jamaica,14,0,2009-06-19 07:00:00
929,Japan,690,0,2009-06-19 07:00:00
930,Jordan,2,0,2009-06-19 07:00:00
931,Korea,84,0,2009-06-19 07:00:00
932,Kuwait,18,0,2009-06-19 07:00:00
933,Laos,1,0,2009-06-19 07:00:00
934,Lebanon,12,0,2009-06-19 07:00:00
935,Luxembourg,2,0,2009-06-19 07:00:00
936,Malaysia,23,0,2009-06-19 07:00:00
937,Mexico,7624,113,2009-06-19 07:00:00
938,Morocco,8,0,2009-06-19 07:00:00
939,Netherlands,91,0,2009-06-19 07:00:00
940,New Zealand,216,0,2009-06-19 07:00:00
941,Nicaragua,144,0,2009-06-19 07:00:00
942,Norway,17,0,2009-06-19 07:00:00
943,Oman,3,0,2009-06-19 07:00:00
944,Panama,272,0,2009-06-19 07:00:00
945,Papua New Guinea,1,0,2009-06-19 07:00:00
946,Paraguay,27,0,2009-06-19 07:00:00
947,Peru,141,0,2009-06-19 07:00:00
948,Philippines,311,0,2009-06-19 07:00:00
949,Poland,7,0,2009-06-19 07:00:00
950,Portugal,5,0,2009-06-19 07:00:00
951,Qatar,3,0,2009-06-19 07:00:00
952,Romania,18,0,2009-06-19 07:00:00
953,Russia,3,0,2009-06-19 07:00:00
954,Samoa,1,0,2009-06-19 07:00:00
955,Saudi Arabia,22,0,2009-06-19 07:00:00
956,Singapore,77,0,2009-06-19 07:00:00
957,Slovakia,3,0,2009-06-19 07:00:00
958,South Africa,1,0,2009-06-19 07:00:00
959,Spain,512,0,2009-06-19 07:00:00
960,Sri Lanka,1,0,2009-06-19 07:00:00
961,Suriname,11,0,2009-06-19 07:00:00
962,Sweden,43,0,2009-06-19 07:00:00
963,Switzerland,27,0,2009-06-19 07:00:00
964,Thailand,518,0,2009-06-19 07:00:00
965,Trinidad and Tobago,18,0,2009-06-19 07:00:00
966,Turkey,20,0,2009-06-19 07:00:00
967,Ukraine,1,0,2009-06-19 07:00:00
968,United Arab Emirates,2,0,2009-06-19 07:00:00
969,United Kingdom,1754,1,2009-06-19 07:00:00
970,United States of America,17855,44,2009-06-19 07:00:00
971,Uruguay,36,0,2009-06-19 07:00:00
972,Venezuela,60,0,2009-06-19 07:00:00
973,Viet Nam,27,0,2009-06-19 07:00:00
974,West Bank and Gaza Strip,5,0,2009-06-19 07:00:00
975,Yemen,4,0,2009-06-19 07:00:00
976,Algeria,1,0,2009-06-22 07:00:00
977,Argentina,1010,7,2009-06-22 07:00:00
978,Australia,2436,1,2009-06-22 07:00:00
979,Austria,9,0,2009-06-22 07:00:00
980,Bahamas,2,0,2009-06-22 07:00:00
981,Bahrain,15,0,2009-06-22 07:00:00
982,Bangladesh,1,0,2009-06-22 07:00:00
983,Barbados,4,0,2009-06-22 07:00:00
984,Belgium,29,0,2009-06-22 07:00:00
985,Bermuda,1,0,2009-06-22 07:00:00
986,Bolivia,25,0,2009-06-22 07:00:00
987,Brazil,131,0,2009-06-22 07:00:00
988,British Virgin Islands,1,0,2009-06-22 07:00:00
989,Brunei Darussalam,1,0,2009-06-22 07:00:00
990,Bulgaria,2,0,2009-06-22 07:00:00
991,Canada,5710,13,2009-06-22 07:00:00
992,Cayman Islands,4,0,2009-06-22 07:00:00
993,Chile,4315,4,2009-06-22 07:00:00
994,China,739,0,2009-06-22 07:00:00
995,Colombia,71,2,2009-06-22 07:00:00
996,Costa Rica,149,1,2009-06-22 07:00:00
997,Cuba,15,0,2009-06-22 07:00:00
998,Cyprus,4,0,2009-06-22 07:00:00
999,Czech Republic,7,0,2009-06-22 07:00:00
1000,Denmark,23,0,2009-06-22 07:00:00
1001,Dominica,1,0,2009-06-22 07:00:00
1002,Dominican Republic,93,1,2009-06-22 07:00:00
1003,Ecuador,95,0,2009-06-22 07:00:00
1004,Egypt,39,0,2009-06-22 07:00:00
1005,El Salvador,160,0,2009-06-22 07:00:00
1006,Estonia,5,0,2009-06-22 07:00:00
1007,Fiji,1,0,2009-06-22 07:00:00
1008,Finland,13,0,2009-06-22 07:00:00
1009,France,149,0,2009-06-22 07:00:00
1010,Germany,275,0,2009-06-22 07:00:00
1011,Greece,48,0,2009-06-22 07:00:00
1012,Guatemala,208,1,2009-06-22 07:00:00
1013,Honduras,108,0,2009-06-22 07:00:00
1014,Hungary,7,0,2009-06-22 07:00:00
1015,Iceland,4,0,2009-06-22 07:00:00
1016,India,44,0,2009-06-22 07:00:00
1017,Ireland,23,0,2009-06-22 07:00:00
1018,Israel,291,0,2009-06-22 07:00:00
1019,Italy,88,0,2009-06-22 07:00:00
1020,Jamaica,19,0,2009-06-22 07:00:00
1021,Japan,850,0,2009-06-22 07:00:00
1022,Jordan,13,0,2009-06-22 07:00:00
1023,Korea,105,0,2009-06-22 07:00:00
1024,Kuwait,26,0,2009-06-22 07:00:00
1025,Laos,2,0,2009-06-22 07:00:00
1026,Lebanon,12,0,2009-06-22 07:00:00
1027,Luxembourg,3,0,2009-06-22 07:00:00
1028,Malaysia,23,0,2009-06-22 07:00:00
1029,Mexico,7624,113,2009-06-22 07:00:00
1030,Morocco,6,0,2009-06-22 07:00:00
1031,Netherlands,95,0,2009-06-22 07:00:00
1032,New Zealand,258,0,2009-06-22 07:00:00
1033,Nicaragua,189,0,2009-06-22 07:00:00
1034,Norway,17,0,2009-06-22 07:00:00
1035,Oman,3,0,2009-06-22 07:00:00
1036,Panama,330,0,2009-06-22 07:00:00
1037,Papua New Guinea,1,0,2009-06-22 07:00:00
1038,Paraguay,48,0,2009-06-22 07:00:00
1039,Peru,185,0,2009-06-22 07:00:00
1040,Philippines,344,0,2009-06-22 07:00:00
1041,Poland,13,0,2009-06-22 07:00:00
1042,Portugal,6,0,2009-06-22 07:00:00
1043,Qatar,8,0,2009-06-22 07:00:00
1044,Romania,18,0,2009-06-22 07:00:00
1045,Russia,3,0,2009-06-22 07:00:00
1046,Samoa,1,0,2009-06-22 07:00:00
1047,Saudi Arabia,35,0,2009-06-22 07:00:00
1048,Singapore,142,0,2009-06-22 07:00:00
1049,Slovakia,3,0,2009-06-22 07:00:00
1050,Slovenia,1,0,2009-06-22 07:00:00
1051,South Africa,1,0,2009-06-22 07:00:00
1052,Spain,522,0,2009-06-22 07:00:00
1053,Sri Lanka,4,0,2009-06-22 07:00:00
1054,Suriname,11,0,2009-06-22 07:00:00
1055,Sweden,48,0,2009-06-22 07:00:00
1056,Switzerland,31,0,2009-06-22 07:00:00
1057,Thailand,589,0,2009-06-22 07:00:00
1058,Trinidad and Tobago,18,0,2009-06-22 07:00:00
1059,Turkey,20,0,2009-06-22 07:00:00
1060,Ukraine,1,0,2009-06-22 07:00:00
1061,United Arab Emirates,2,0,2009-06-22 07:00:00
1062,United Kingdom,2508,1,2009-06-22 07:00:00
1063,United States of America,21449,87,2009-06-22 07:00:00
1064,Uruguay,36,0,2009-06-22 07:00:00
1065,Venezuela,71,0,2009-06-22 07:00:00
1066,Viet Nam,35,0,2009-06-22 07:00:00
1067,West Bank and Gaza Strip,8,0,2009-06-22 07:00:00
1068,Yemen,5,0,2009-06-22 07:00:00
1069,Algeria,2,0,2009-06-24 07:00:00
1070,Antigua and Barbuda,2,0,2009-06-24 07:00:00
1071,Argentina,1213,7,2009-06-24 07:00:00
1072,Australia,2857,2,2009-06-24 07:00:00
1073,Austria,12,0,2009-06-24 07:00:00
1074,Bahamas,4,0,2009-06-24 07:00:00
1075,Bahrain,15,0,2009-06-24 07:00:00
1076,Bangladesh,1,0,2009-06-24 07:00:00
1077,Barbados,5,0,2009-06-24 07:00:00
1078,Belgium,30,0,2009-06-24 07:00:00
1079,Bermuda,1,0,2009-06-24 07:00:00
1080,Bolivia,44,0,2009-06-24 07:00:00
1081,Brazil,334,0,2009-06-24 07:00:00
1082,British Virgin Islands,1,0,2009-06-24 07:00:00
1083,Brunei Darussalam,4,0,2009-06-24 07:00:00
1084,Bulgaria,5,0,2009-06-24 07:00:00
1085,Cambodia,1,0,2009-06-24 07:00:00
1086,Canada,6457,15,2009-06-24 07:00:00
1087,Cap Verde,3,0,2009-06-24 07:00:00
1088,Cayman Islands,7,0,2009-06-24 07:00:00
1089,Chile,4315,4,2009-06-24 07:00:00
1090,China,906,0,2009-06-24 07:00:00
1091,Colombia,71,2,2009-06-24 07:00:00
1092,Costa Rica,189,1,2009-06-24 07:00:00
1093,Cote d'Ivoire,2,0,2009-06-24 07:00:00
1094,Cuba,15,0,2009-06-24 07:00:00
1095,Cyprus,5,0,2009-06-24 07:00:00
1096,Czech Republic,7,0,2009-06-24 07:00:00
1097,Denmark,34,0,2009-06-24 07:00:00
1098,Dominica,1,0,2009-06-24 07:00:00
1099,Dominican Republic,108,2,2009-06-24 07:00:00
1100,Ecuador,115,0,2009-06-24 07:00:00
1101,Egypt,40,0,2009-06-24 07:00:00
1102,El Salvador,160,0,2009-06-24 07:00:00
1103,Estonia,5,0,2009-06-24 07:00:00
1104,Ethiopia,2,0,2009-06-24 07:00:00
1105,Fiji,2,0,2009-06-24 07:00:00
1106,Finland,26,0,2009-06-24 07:00:00
1107,France,174,0,2009-06-24 07:00:00
1108,Germany,301,0,2009-06-24 07:00:00
1109,Greece,58,0,2009-06-24 07:00:00
1110,Guatemala,235,1,2009-06-24 07:00:00
1111,Honduras,118,0,2009-06-24 07:00:00
1112,Hungary,7,0,2009-06-24 07:00:00
1113,Iceland,4,0,2009-06-24 07:00:00
1114,India,64,0,2009-06-24 07:00:00
1115,Ireland,23,0,2009-06-24 07:00:00
1116,Israel,375,0,2009-06-24 07:00:00
1117,Italy,96,0,2009-06-24 07:00:00
1118,Jamaica,19,0,2009-06-24 07:00:00
1119,Japan,893,0,2009-06-24 07:00:00
1120,Jordan,15,0,2009-06-24 07:00:00
1121,Korea,115,0,2009-06-24 07:00:00
1122,Kuwait,26,0,2009-06-24 07:00:00
1123,Laos,3,0,2009-06-24 07:00:00
1124,Latvia,1,0,2009-06-24 07:00:00
1125,Lebanon,25,0,2009-06-24 07:00:00
1126,Luxembourg,3,0,2009-06-24 07:00:00
1127,Malaysia,68,0,2009-06-24 07:00:00
1128,Mexico,7847,115,2009-06-24 07:00:00
1129,Montenegro,1,0,2009-06-24 07:00:00
1130,Morocco,9,0,2009-06-24 07:00:00
1131,Netherlands,114,0,2009-06-24 07:00:00
1132,New Zealand,386,0,2009-06-24 07:00:00
1133,Nicaragua,220,0,2009-06-24 07:00:00
1134,Norway,22,0,2009-06-24 07:00:00
1135,Oman,3,0,2009-06-24 07:00:00
1136,Panama,330,0,2009-06-24 07:00:00
1137,Papua New Guinea,1,0,2009-06-24 07:00:00
1138,Paraguay,58,0,2009-06-24 07:00:00
1139,Peru,217,0,2009-06-24 07:00:00
1140,Philippines,445,1,2009-06-24 07:00:00
1141,Poland,13,0,2009-06-24 07:00:00
1142,Portugal,6,0,2009-06-24 07:00:00
1143,Qatar,10,0,2009-06-24 07:00:00
1144,Romania,19,0,2009-06-24 07:00:00
1145,Russia,3,0,2009-06-24 07:00:00
1146,Samoa,1,0,2009-06-24 07:00:00
1147,Saudi Arabia,45,0,2009-06-24 07:00:00
1148,Singapore,194,0,2009-06-24 07:00:00
1149,Slovakia,4,0,2009-06-24 07:00:00
1150,Slovenia,1,0,2009-06-24 07:00:00
1151,South Africa,1,0,2009-06-24 07:00:00
1152,Spain,539,0,2009-06-24 07:00:00
1153,Sri Lanka,5,0,2009-06-24 07:00:00
1154,Suriname,11,0,2009-06-24 07:00:00
1155,Sweden,55,0,2009-06-24 07:00:00
1156,Switzerland,33,0,2009-06-24 07:00:00
1157,Thailand,774,0,2009-06-24 07:00:00
1158,Trinidad and Tobago,25,0,2009-06-24 07:00:00
1159,Tunisia,2,0,2009-06-24 07:00:00
1160,Turkey,26,0,2009-06-24 07:00:00
1161,Ukraine,1,0,2009-06-24 07:00:00
1162,United Arab Emirates,2,0,2009-06-24 07:00:00
1163,United Kingdom,2909,1,2009-06-24 07:00:00
1164,United States of America,21449,87,2009-06-24 07:00:00
1165,Uruguay,195,0,2009-06-24 07:00:00
1166,Vanuatu,1,,2009-06-24 07:00:00
1167,Venezuela,135,0,2009-06-24 07:00:00
1168,Viet Nam,56,0,2009-06-24 07:00:00
1169,West Bank and Gaza Strip,8,0,2009-06-24 07:00:00
1170,Yemen,6,0,2009-06-24 07:00:00
1171,Algeria,2,0,2009-06-26 07:00:00
1172,Antigua and Barbuda,2,0,2009-06-26 07:00:00
1173,Argentina,1391,21,2009-06-26 07:00:00
1174,Australia,3280,3,2009-06-26 07:00:00
1175,Austria,12,0,2009-06-26 07:00:00
1176,Bahamas,4,0,2009-06-26 07:00:00
1177,Bahrain,15,0,2009-06-26 07:00:00
1178,Bangladesh,1,0,2009-06-26 07:00:00
1179,Barbados,10,0,2009-06-26 07:00:00
1180,Belgium,36,0,2009-06-26 07:00:00
1181,Bermuda,1,0,2009-06-26 07:00:00
1182,Bolivia,47,0,2009-06-26 07:00:00
1183,Brazil,399,0,2009-06-26 07:00:00
1184,British Virgin Islands,1,0,2009-06-26 07:00:00
1185,Brunei Darussalam,11,0,2009-06-26 07:00:00
1186,Bulgaria,7,0,2009-06-26 07:00:00
1187,Cambodia,5,0,2009-06-26 07:00:00
1188,Canada,6732,19,2009-06-26 07:00:00
1189,Cap Verde,3,0,2009-06-26 07:00:00
1190,Cayman Islands,9,0,2009-06-26 07:00:00
1191,Chile,5186,7,2009-06-26 07:00:00
1192,China,1089,0,2009-06-26 07:00:00
1193,Colombia,72,2,2009-06-26 07:00:00
1194,Costa Rica,222,1,2009-06-26 07:00:00
1195,Cote d'Ivoire,2,0,2009-06-26 07:00:00
1196,Cuba,34,0,2009-06-26 07:00:00
1197,Cyprus,9,0,2009-06-26 07:00:00
1198,Czech Republic,9,0,2009-06-26 07:00:00
1199,Denmark,41,0,2009-06-26 07:00:00
1200,Dominica,1,0,2009-06-26 07:00:00
1201,Dominican Republic,108,2,2009-06-26 07:00:00
1202,Ecuador,125,0,2009-06-26 07:00:00
1203,Egypt,43,0,2009-06-26 07:00:00
1204,El Salvador,160,0,2009-06-26 07:00:00
1205,Estonia,8,0,2009-06-26 07:00:00
1206,Ethiopia,2,0,2009-06-26 07:00:00
1207,Fiji,2,0,2009-06-26 07:00:00
1208,Finland,26,0,2009-06-26 07:00:00
1209,France,194,0,2009-06-26 07:00:00
1210,Germany,333,0,2009-06-26 07:00:00
1211,Greece,73,0,2009-06-26 07:00:00
1212,Guatemala,254,2,2009-06-26 07:00:00
1213,Honduras,118,1,2009-06-26 07:00:00
1214,Hungary,8,0,2009-06-26 07:00:00
1215,Iceland,4,0,2009-06-26 07:00:00
1216,India,64,0,2009-06-26 07:00:00
1217,Indonesia,2,0,2009-06-26 07:00:00
1218,Iran,1,0,2009-06-26 07:00:00
1219,Ireland,29,0,2009-06-26 07:00:00
1220,Israel,405,0,2009-06-26 07:00:00
1221,Italy,102,0,2009-06-26 07:00:00
1222,Jamaica,19,0,2009-06-26 07:00:00
1223,Japan,1049,0,2009-06-26 07:00:00
1224,Jordan,15,0,2009-06-26 07:00:00
1225,Korea,142,0,2009-06-26 07:00:00
1226,Kuwait,30,0,2009-06-26 07:00:00
1227,Laos,3,0,2009-06-26 07:00:00
1228,Latvia,1,0,2009-06-26 07:00:00
1229,Lebanon,25,0,2009-06-26 07:00:00
1230,Luxembourg,3,0,2009-06-26 07:00:00
1231,Malaysia,68,0,2009-06-26 07:00:00
1232,Mexico,8279,116,2009-06-26 07:00:00
1233,Montenegro,1,0,2009-06-26 07:00:00
1234,Morocco,11,0,2009-06-26 07:00:00
1235,Netherlands,120,0,2009-06-26 07:00:00
1236,New Zealand,453,0,2009-06-26 07:00:00
1237,Nicaragua,265,0,2009-06-26 07:00:00
1238,Norway,22,0,2009-06-26 07:00:00
1239,Oman,3,0,2009-06-26 07:00:00
1240,Panama,358,0,2009-06-26 07:00:00
1241,Papua New Guinea,1,0,2009-06-26 07:00:00
1242,Paraguay,79,0,2009-06-26 07:00:00
1243,Peru,252,0,2009-06-26 07:00:00
1244,Philippines,445,1,2009-06-26 07:00:00
1245,Poland,13,0,2009-06-26 07:00:00
1246,Portugal,7,0,2009-06-26 07:00:00
1247,Qatar,10,0,2009-06-26 07:00:00
1248,Romania,19,0,2009-06-26 07:00:00
1249,Russia,3,0,2009-06-26 07:00:00
1250,Samoa,1,0,2009-06-26 07:00:00
1251,Saudi Arabia,48,0,2009-06-26 07:00:00
1252,Serbia,2,0,2009-06-26 07:00:00
1253,Singapore,315,0,2009-06-26 07:00:00
1254,Slovakia,7,0,2009-06-26 07:00:00
1255,Slovenia,3,0,2009-06-26 07:00:00
1256,South Africa,1,0,2009-06-26 07:00:00
1257,Spain,541,0,2009-06-26 07:00:00
1258,Sri Lanka,7,0,2009-06-26 07:00:00
1259,Suriname,11,0,2009-06-26 07:00:00
1260,Sweden,61,0,2009-06-26 07:00:00
1261,Switzerland,47,0,2009-06-26 07:00:00
1262,Thailand,774,0,2009-06-26 07:00:00
1263,Trinidad and Tobago,25,0,2009-06-26 07:00:00
1264,Tunisia,2,0,2009-06-26 07:00:00
1265,Turkey,26,0,2009-06-26 07:00:00
1266,Ukraine,1,0,2009-06-26 07:00:00
1267,United Arab Emirates,7,0,2009-06-26 07:00:00
1268,United Kingdom,3607,1,2009-06-26 07:00:00
1269,United States of America,21449,87,2009-06-26 07:00:00
1270,Uruguay,195,0,2009-06-26 07:00:00
1271,Vanuatu,2,0,2009-06-26 07:00:00
1272,Venezuela,153,0,2009-06-26 07:00:00
1273,Viet Nam,63,0,2009-06-26 07:00:00
1274,West Bank and Gaza Strip,9,0,2009-06-26 07:00:00
1275,Yemen,6,0,2009-06-26 07:00:00
1276,Algeria,2,0,2009-06-29 09:00:00
1277,Antigua and Barbuda,2,0,2009-06-29 09:00:00
1278,Argentina,1488,23,2009-06-29 09:00:00
1279,Australia,4038,7,2009-06-29 09:00:00
1280,Austria,12,0,2009-06-29 09:00:00
1281,Bahamas,4,0,2009-06-29 09:00:00
1282,Bahrain,15,0,2009-06-29 09:00:00
1283,Bangladesh,1,0,2009-06-29 09:00:00
1284,Barbados,10,0,2009-06-29 09:00:00
1285,Belgium,43,0,2009-06-29 09:00:00
1286,Bermuda,1,0,2009-06-29 09:00:00
1287,Bolivia,126,0,2009-06-29 09:00:00
1288,Brazil,452,0,2009-06-29 09:00:00
1289,British Virgin Islands,1,0,2009-06-29 09:00:00
1290,Brunei Darussalam,29,0,2009-06-29 09:00:00
1291,Bulgaria,7,0,2009-06-29 09:00:00
1292,Cambodia,6,0,2009-06-29 09:00:00
1293,Canada,7775,21,2009-06-29 09:00:00
1294,Cap Verde,3,0,2009-06-29 09:00:00
1295,Cayman Islands,9,0,2009-06-29 09:00:00
1296,Chile,5186,7,2009-06-29 09:00:00
1297,China,1442,0,2009-06-29 09:00:00
1298,Colombia,88,2,2009-06-29 09:00:00
1299,Costa Rica,255,1,2009-06-29 09:00:00
1300,Cote d'Ivoire,2,0,2009-06-29 09:00:00
1301,Cuba,34,0,2009-06-29 09:00:00
1302,Cyprus,25,0,2009-06-29 09:00:00
1303,Czech Republic,9,0,2009-06-29 09:00:00
1304,Denmark,44,0,2009-06-29 09:00:00
1305,Dominica,1,0,2009-06-29 09:00:00
1306,Dominican Republic,108,2,2009-06-29 09:00:00
1307,Ecuador,125,0,2009-06-29 09:00:00
1308,Egypt,50,0,2009-06-29 09:00:00
1309,El Salvador,226,0,2009-06-29 09:00:00
1310,Estonia,13,0,2009-06-29 09:00:00
1311,Ethiopia,2,0,2009-06-29 09:00:00
1312,Fiji,2,0,2009-06-29 09:00:00
1313,Finland,26,0,2009-06-29 09:00:00
1314,France,240,0,2009-06-29 09:00:00
1315,Germany,366,0,2009-06-29 09:00:00
1316,Greece,86,0,2009-06-29 09:00:00
1317,Guatemala,254,2,2009-06-29 09:00:00
1318,Honduras,118,1,2009-06-29 09:00:00
1319,Hungary,8,0,2009-06-29 09:00:00
1320,Iceland,4,0,2009-06-29 09:00:00
1321,India,64,0,2009-06-29 09:00:00
1322,Indonesia,8,0,2009-06-29 09:00:00
1323,Iran,1,0,2009-06-29 09:00:00
1324,Iraq,10,0,2009-06-29 09:00:00
1325,Ireland,39,0,2009-06-29 09:00:00
1326,Israel,469,0,2009-06-29 09:00:00
1327,Italy,112,0,2009-06-29 09:00:00
1328,Jamaica,21,0,2009-06-29 09:00:00
1329,Japan,1212,0,2009-06-29 09:00:00
1330,Jordan,18,0,2009-06-29 09:00:00
1331,Korea,202,0,2009-06-29 09:00:00
1332,Kuwait,30,0,2009-06-29 09:00:00
1333,Laos,3,0,2009-06-29 09:00:00
1334,Latvia,1,0,2009-06-29 09:00:00
1335,Lebanon,25,0,2009-06-29 09:00:00
1336,Lithuania,1,0,2009-06-29 09:00:00
1337,Luxembourg,4,0,2009-06-29 09:00:00
1338,Malaysia,112,0,2009-06-29 09:00:00
1339,Mexico,8279,116,2009-06-29 09:00:00
1340,Monaco,1,0,2009-06-29 09:00:00
1341,Montenegro,1,0,2009-06-29 09:00:00
1342,Morocco,11,0,2009-06-29 09:00:00
1343,Nepal,3,0,2009-06-29 09:00:00
1344,Netherlands,122,0,2009-06-29 09:00:00
1345,New Zealand,587,0,2009-06-29 09:00:00
1346,Nicaragua,277,0,2009-06-29 09:00:00
1347,Norway,31,0,2009-06-29 09:00:00
1348,Oman,3,0,2009-06-29 09:00:00
1349,Panama,403,0,2009-06-29 09:00:00
1350,Papua New Guinea,1,0,2009-06-29 09:00:00
1351,Paraguay,85,0,2009-06-29 09:00:00
1352,Peru,360,0,2009-06-29 09:00:00
1353,Philippines,861,1,2009-06-29 09:00:00
1354,Poland,14,0,2009-06-29 09:00:00
1355,Portugal,11,0,2009-06-29 09:00:00
1356,Qatar,10,0,2009-06-29 09:00:00
1357,Romania,24,0,2009-06-29 09:00:00
1358,Russia,3,0,2009-06-29 09:00:00
1359,Samoa,1,0,2009-06-29 09:00:00
1360,Saudi Arabia,69,0,2009-06-29 09:00:00
1361,Serbia,5,0,2009-06-29 09:00:00
1362,Singapore,599,0,2009-06-29 09:00:00
1363,Slovakia,9,0,2009-06-29 09:00:00
1364,Slovenia,4,0,2009-06-29 09:00:00
1365,South Africa,1,0,2009-06-29 09:00:00
1366,Spain,541,0,2009-06-29 09:00:00
1367,Sri Lanka,9,0,2009-06-29 09:00:00
1368,Suriname,11,0,2009-06-29 09:00:00
1369,Sweden,67,0,2009-06-29 09:00:00
1370,Switzerland,49,0,2009-06-29 09:00:00
1371,Thailand,774,0,2009-06-29 09:00:00
1372,Trinidad and Tobago,53,0,2009-06-29 09:00:00
1373,Tunisia,2,0,2009-06-29 09:00:00
1374,Turkey,27,0,2009-06-29 09:00:00
1375,Ukraine,1,0,2009-06-29 09:00:00
1376,United Arab Emirates,8,0,2009-06-29 09:00:00
1377,United Kingdom,4260,1,2009-06-29 09:00:00
1378,United States of America,27717,127,2009-06-29 09:00:00
1379,Uruguay,195,0,2009-06-29 09:00:00
1380,Vanuatu,2,0,2009-06-29 09:00:00
1381,Venezuela,172,0,2009-06-29 09:00:00
1382,Viet Nam,84,0,2009-06-29 09:00:00
1383,West Bank and Gaza Strip,9,0,2009-06-29 09:00:00
1384,Yemen,6,0,2009-06-29 09:00:00
1385,Algeria,2,0,2009-07-01 09:00:00
1386,Antigua and Barbuda,2,0,2009-07-01 09:00:00
1387,Argentina,1587,26,2009-07-01 09:00:00
1388,Australia,4090,7,2009-07-01 09:00:00
1389,Austria,15,0,2009-07-01 09:00:00
1390,Bahamas,6,0,2009-07-01 09:00:00
1391,Bahrain,15,0,2009-07-01 09:00:00
1392,Bangladesh,1,0,2009-07-01 09:00:00
1393,Barbados,10,0,2009-07-01 09:00:00
1394,Belgium,47,0,2009-07-01 09:00:00
1395,Bermuda,1,0,2009-07-01 09:00:00
1396,Bolivia,205,0,2009-07-01 09:00:00
1397,Brazil,680,1,2009-07-01 09:00:00
1398,British Virgin Islands,1,0,2009-07-01 09:00:00
1399,Brunei Darussalam,29,0,2009-07-01 09:00:00
1400,Bulgaria,10,0,2009-07-01 09:00:00
1401,Cambodia,6,0,2009-07-01 09:00:00
1402,Canada,7983,25,2009-07-01 09:00:00
1403,Cap Verde,3,0,2009-07-01 09:00:00
1404,Cayman Islands,13,0,2009-07-01 09:00:00
1405,Chile,6211,12,2009-07-01 09:00:00
1406,China,1518,0,2009-07-01 09:00:00
1407,Colombia,93,2,2009-07-01 09:00:00
1408,Costa Rica,279,2,2009-07-01 09:00:00
1409,Cote d'Ivoire,2,0,2009-07-01 09:00:00
1410,Cuba,46,0,2009-07-01 09:00:00
1411,Cyprus,48,0,2009-07-01 09:00:00
1412,Czech Republic,9,0,2009-07-01 09:00:00
1413,Denmark,55,0,2009-07-01 09:00:00
1414,Dominica,1,0,2009-07-01 09:00:00
1415,Dominican Republic,108,2,2009-07-01 09:00:00
1416,Ecuador,163,0,2009-07-01 09:00:00
1417,Egypt,67,0,2009-07-01 09:00:00
1418,El Salvador,226,0,2009-07-01 09:00:00
1419,Estonia,13,0,2009-07-01 09:00:00
1420,Ethiopia,2,0,2009-07-01 09:00:00
1421,Fiji,2,0,2009-07-01 09:00:00
1422,Finland,26,0,2009-07-01 09:00:00
1423,France,287,0,2009-07-01 09:00:00
1424,Germany,417,0,2009-07-01 09:00:00
1425,Greece,92,0,2009-07-01 09:00:00
1426,Guatemala,254,2,2009-07-01 09:00:00
1427,Honduras,118,1,2009-07-01 09:00:00
1428,Hungary,10,0,2009-07-01 09:00:00
1429,Iceland,4,0,2009-07-01 09:00:00
1430,India,104,0,2009-07-01 09:00:00
1431,Indonesia,8,0,2009-07-01 09:00:00
1432,Iran,1,0,2009-07-01 09:00:00
1433,Iraq,11,0,2009-07-01 09:00:00
1434,Ireland,41,0,2009-07-01 09:00:00
1435,Israel,506,0,2009-07-01 09:00:00
1436,Italy,123,0,2009-07-01 09:00:00
1437,Jamaica,32,0,2009-07-01 09:00:00
1438,Japan,1266,0,2009-07-01 09:00:00
1439,Jordan,20,0,2009-07-01 09:00:00
1440,Kenya,1,0,2009-07-01 09:00:00
1441,Korea,202,0,2009-07-01 09:00:00
1442,Kuwait,34,0,2009-07-01 09:00:00
1443,Laos,3,0,2009-07-01 09:00:00
1444,Latvia,1,0,2009-07-01 09:00:00
1445,Lebanon,39,0,2009-07-01 09:00:00
1446,Lithuania,1,0,2009-07-01 09:00:00
1447,Luxembourg,4,0,2009-07-01 09:00:00
1448,Malaysia,112,0,2009-07-01 09:00:00
1449,Mauritius,7,0,2009-07-01 09:00:00
1450,Mexico,8680,116,2009-07-01 09:00:00
1451,Montenegro,4,0,2009-07-01 09:00:00
1452,Morocco,17,0,2009-07-01 09:00:00
1453,Myanmar,1,0,2009-07-01 09:00:00
1454,Nepal,3,0,2009-07-01 09:00:00
1455,Netherlands,142,0,2009-07-01 09:00:00
1456,New Zealand,711,0,2009-07-01 09:00:00
1457,Nicaragua,293,0,2009-07-01 09:00:00
1458,Norway,32,0,2009-07-01 09:00:00
1459,Oman,3,0,2009-07-01 09:00:00
1460,Panama,417,0,2009-07-01 09:00:00
1461,Papua New Guinea,1,0,2009-07-01 09:00:00
1462,Paraguay,96,0,2009-07-01 09:00:00
1463,Peru,538,0,2009-07-01 09:00:00
1464,Philippines,861,1,2009-07-01 09:00:00
1465,Poland,15,0,2009-07-01 09:00:00
1466,Portugal,17,0,2009-07-01 09:00:00
1467,Qatar,10,0,2009-07-01 09:00:00
1468,Romania,28,0,2009-07-01 09:00:00
1469,Russia,3,0,2009-07-01 09:00:00
1470,Saint Lucia,1,0,2009-07-01 09:00:00
1471,Samoa,1,0,2009-07-01 09:00:00
1472,Saudi Arabia,81,0,2009-07-01 09:00:00
1473,Serbia,12,0,2009-07-01 09:00:00
1474,Singapore,701,0,2009-07-01 09:00:00
1475,Slovakia,13,0,2009-07-01 09:00:00
1476,Slovenia,4,0,2009-07-01 09:00:00
1477,South Africa,1,0,2009-07-01 09:00:00
1478,Spain,717,1,2009-07-01 09:00:00
1479,Sri Lanka,15,0,2009-07-01 09:00:00
1480,Suriname,11,0,2009-07-01 09:00:00
1481,Sweden,69,0,2009-07-01 09:00:00
1482,Switzerland,56,0,2009-07-01 09:00:00
1483,Thailand,1414,3,2009-07-01 09:00:00
1484,Trinidad and Tobago,53,0,2009-07-01 09:00:00
1485,Tunisia,3,0,2009-07-01 09:00:00
1486,Turkey,32,0,2009-07-01 09:00:00
1487,Ukraine,1,0,2009-07-01 09:00:00
1488,United Arab Emirates,8,0,2009-07-01 09:00:00
1489,United Kingdom,6552,3,2009-07-01 09:00:00
1490,United States of America,27717,127,2009-07-01 09:00:00
1491,Uruguay,195,1,2009-07-01 09:00:00
1492,Vanuatu,2,0,2009-07-01 09:00:00
1493,Venezuela,193,0,2009-07-01 09:00:00
1494,Viet Nam,123,0,2009-07-01 09:00:00
1495,West Bank and Gaza Strip,13,0,2009-07-01 09:00:00
1496,Yemen,7,0,2009-07-01 09:00:00
1497,Algeria,5,0,2009-07-03 09:00:00
1498,Antigua and Barbuda,2,0,2009-07-03 09:00:00
1499,Argentina,1587,26,2009-07-03 09:00:00
1500,Australia,4568,9,2009-07-03 09:00:00
1501,Austria,15,0,2009-07-03 09:00:00
1502,Bahamas,6,0,2009-07-03 09:00:00
1503,Bahrain,15,0,2009-07-03 09:00:00
1504,Bangladesh,12,0,2009-07-03 09:00:00
1505,Barbados,12,0,2009-07-03 09:00:00
1506,Belgium,49,0,2009-07-03 09:00:00
1507,Bermuda,1,0,2009-07-03 09:00:00
1508,Bolivia,283,0,2009-07-03 09:00:00
1509,Bosnia and Hezegovina,1,0,2009-07-03 09:00:00
1510,Brazil,737,1,2009-07-03 09:00:00
1511,British Virgin Islands,2,0,2009-07-03 09:00:00
1512,Brunei Darussalam,85,0,2009-07-03 09:00:00
1513,Bulgaria,10,0,2009-07-03 09:00:00
1514,Cambodia,7,0,2009-07-03 09:00:00
1515,Canada,7983,25,2009-07-03 09:00:00
1516,Cap Verde,3,0,2009-07-03 09:00:00
1517,Cayman Islands,14,0,2009-07-03 09:00:00
1518,Chile,7376,14,2009-07-03 09:00:00
1519,China,1814,0,2009-07-03 09:00:00
1520,Colombia,101,2,2009-07-03 09:00:00
1521,Costa Rica,227,2,2009-07-03 09:00:00
1522,Cote d'Ivoire,2,0,2009-07-03 09:00:00
1523,Cuba,73,0,2009-07-03 09:00:00
1524,Cyprus,70,0,2009-07-03 09:00:00
1525,Czech Republic,15,0,2009-07-03 09:00:00
1526,Denmark,63,0,2009-07-03 09:00:00
1527,Dominica,1,0,2009-07-03 09:00:00
1528,Dominican Republic,108,2,2009-07-03 09:00:00
1529,Ecuador,163,0,2009-07-03 09:00:00
1530,Egypt,67,0,2009-07-03 09:00:00
1531,El Salvador,253,0,2009-07-03 09:00:00
1532,Estonia,13,0,2009-07-03 09:00:00
1533,Ethiopia,3,0,2009-07-03 09:00:00
1534,Fiji,2,0,2009-07-03 09:00:00
1535,Finland,43,0,2009-07-03 09:00:00
1536,France,310,0,2009-07-03 09:00:00
1537,Germany,470,0,2009-07-03 09:00:00
1538,Greece,109,0,2009-07-03 09:00:00
1539,Guatemala,254,2,2009-07-03 09:00:00
1540,Honduras,123,1,2009-07-03 09:00:00
1541,Hungary,11,0,2009-07-03 09:00:00
1542,Iceland,4,0,2009-07-03 09:00:00
1543,India,104,0,2009-07-03 09:00:00
1544,Indonesia,8,0,2009-07-03 09:00:00
1545,Iran,1,0,2009-07-03 09:00:00
1546,Iraq,11,0,2009-07-03 09:00:00
1547,Ireland,51,0,2009-07-03 09:00:00
1548,Israel,577,0,2009-07-03 09:00:00
1549,Italy,130,0,2009-07-03 09:00:00
1550,Jamaica,32,0,2009-07-03 09:00:00
1551,Japan,1446,0,2009-07-03 09:00:00
1552,Jordan,22,0,2009-07-03 09:00:00
1553,Kenya,12,0,2009-07-03 09:00:00
1554,Korea,202,0,2009-07-03 09:00:00
1555,Kuwait,35,0,2009-07-03 09:00:00
1556,Laos,3,0,2009-07-03 09:00:00
1557,Latvia,1,0,2009-07-03 09:00:00
1558,Lebanon,47,0,2009-07-03 09:00:00
1559,Lithuania,3,0,2009-07-03 09:00:00
1560,Luxembourg,4,0,2009-07-03 09:00:00
1561,Malaysia,112,0,2009-07-03 09:00:00
1562,Malta,2,0,2009-07-03 09:00:00
1563,Mauritius,1,0,2009-07-03 09:00:00
1564,Mexico,10262,119,2009-07-03 09:00:00
1565,Montenegro,9,0,2009-07-03 09:00:00
1566,Morocco,17,0,2009-07-03 09:00:00
1567,Myanmar,1,0,2009-07-03 09:00:00
1568,Nepal,5,0,2009-07-03 09:00:00
1569,Netherlands,154,0,2009-07-03 09:00:00
1570,New Zealand,912,0,2009-07-03 09:00:00
1571,Nicaragua,308,0,2009-07-03 09:00:00
1572,Norway,41,0,2009-07-03 09:00:00
1573,Oman,3,0,2009-07-03 09:00:00
1574,Palau,1,0,2009-07-03 09:00:00
1575,Panama,417,0,2009-07-03 09:00:00
1576,Papua New Guinea,1,0,2009-07-03 09:00:00
1577,Paraguay,103,0,2009-07-03 09:00:00
1578,Peru,538,0,2009-07-03 09:00:00
1579,Philippines,1709,1,2009-07-03 09:00:00
1580,Poland,19,0,2009-07-03 09:00:00
1581,Portugal,27,0,2009-07-03 09:00:00
1582,Qatar,10,0,2009-07-03 09:00:00
1583,Romania,36,0,2009-07-03 09:00:00
1584,Russia,3,0,2009-07-03 09:00:00
1585,Saint Lucia,1,0,2009-07-03 09:00:00
1586,Samoa,1,0,2009-07-03 09:00:00
1587,Saudi Arabia,89,0,2009-07-03 09:00:00
1588,Serbia,15,0,2009-07-03 09:00:00
1589,Singapore,878,0,2009-07-03 09:00:00
1590,Slovakia,18,0,2009-07-03 09:00:00
1591,Slovenia,5,0,2009-07-03 09:00:00
1592,South Africa,12,0,2009-07-03 09:00:00
1593,Spain,760,1,2009-07-03 09:00:00
1594,Sri Lanka,17,0,2009-07-03 09:00:00
1595,Suriname,11,0,2009-07-03 09:00:00
1596,Sweden,74,0,2009-07-03 09:00:00
1597,Switzerland,72,0,2009-07-03 09:00:00
1598,Thailand,1414,3,2009-07-03 09:00:00
1599,Trinidad and Tobago,53,0,2009-07-03 09:00:00
1600,Tunisia,3,0,2009-07-03 09:00:00
1601,Turkey,40,0,2009-07-03 09:00:00
1602,Uganda,1,0,2009-07-03 09:00:00
1603,Ukraine,1,0,2009-07-03 09:00:00
1604,United Arab Emirates,8,0,2009-07-03 09:00:00
1605,United Kingdom,7464,3,2009-07-03 09:00:00
1606,United States of America,33902,170,2009-07-03 09:00:00
1607,Uruguay,195,1,2009-07-03 09:00:00
1608,Vanuatu,2,0,2009-07-03 09:00:00
1609,Venezuela,204,0,2009-07-03 09:00:00
1610,Viet Nam,131,0,2009-07-03 09:00:00
1611,West Bank and Gaza Strip,30,0,2009-07-03 09:00:00
1612,Yemen,7,0,2009-07-03 09:00:00
1613,Algeria,5,0,2009-07-06 09:00:00
1614,Antigua and Barbuda,2,0,2009-07-06 09:00:00
1615,Argentina,2485,60,2009-07-06 09:00:00
1616,Australia,5298,10,2009-07-06 09:00:00
1617,Austria,19,0,2009-07-06 09:00:00
1618,Bahamas,7,0,2009-07-06 09:00:00
1619,Bahrain,15,0,2009-07-06 09:00:00
1620,Bangladesh,18,0,2009-07-06 09:00:00
1621,Barbados,12,0,2009-07-06 09:00:00
1622,Belgium,54,0,2009-07-06 09:00:00
1623,Bermuda,1,0,2009-07-06 09:00:00
1624,Bolivia,416,0,2009-07-06 09:00:00
1625,Bosnia and Hezegovina,1,0,2009-07-06 09:00:00
1626,Brazil,737,1,2009-07-06 09:00:00
1627,British Virgin Islands,2,0,2009-07-06 09:00:00
1628,Brunei Darussalam,124,0,2009-07-06 09:00:00
1629,Bulgaria,10,0,2009-07-06 09:00:00
1630,Cambodia,7,0,2009-07-06 09:00:00
1631,Canada,7983,25,2009-07-06 09:00:00
1632,Cap Verde,3,0,2009-07-06 09:00:00
1633,Cayman Islands,14,0,2009-07-06 09:00:00
1634,Chile,7376,14,2009-07-06 09:00:00
1635,China,2040,0,2009-07-06 09:00:00
1636,Colombia,118,2,2009-07-06 09:00:00
1637,Cook Island,1,0,2009-07-06 09:00:00
1638,Costa Rica,277,3,2009-07-06 09:00:00
1639,Cote d'Ivoire,2,0,2009-07-06 09:00:00
1640,Croatia,1,0,2009-07-06 09:00:00
1641,Cuba,85,0,2009-07-06 09:00:00
1642,Cyprus,109,0,2009-07-06 09:00:00
1643,Czech Republic,15,0,2009-07-06 09:00:00
1644,Denmark,66,0,2009-07-06 09:00:00
1645,Dominica,1,0,2009-07-06 09:00:00
1646,Dominican Republic,108,2,2009-07-06 09:00:00
1647,Ecuador,204,0,2009-07-06 09:00:00
1648,Egypt,78,0,2009-07-06 09:00:00
1649,El Salvador,319,0,2009-07-06 09:00:00
1650,Estonia,13,0,2009-07-06 09:00:00
1651,Ethiopia,3,0,2009-07-06 09:00:00
1652,Fiji,2,0,2009-07-06 09:00:00
1653,Finland,47,0,2009-07-06 09:00:00
1654,France,322,0,2009-07-06 09:00:00
1655,Germany,505,0,2009-07-06 09:00:00
1656,Greece,151,0,2009-07-06 09:00:00
1657,Guatemala,286,2,2009-07-06 09:00:00
1658,Guyana,2,0,2009-07-06 09:00:00
1659,Honduras,123,1,2009-07-06 09:00:00
1660,Hungary,11,0,2009-07-06 09:00:00
1661,Iceland,4,0,2009-07-06 09:00:00
1662,India,129,0,2009-07-06 09:00:00
1663,Indonesia,20,0,2009-07-06 09:00:00
1664,Iran,1,0,2009-07-06 09:00:00
1665,Iraq,12,0,2009-07-06 09:00:00
1666,Ireland,74,0,2009-07-06 09:00:00
1667,Israel,681,0,2009-07-06 09:00:00
1668,Italy,146,0,2009-07-06 09:00:00
1669,Jamaica,32,0,2009-07-06 09:00:00
1670,Japan,1790,0,2009-07-06 09:00:00
1671,Jordan,23,0,2009-07-06 09:00:00
1672,Kenya,15,0,2009-07-06 09:00:00
1673,Korea,202,0,2009-07-06 09:00:00
1674,Kuwait,35,0,2009-07-06 09:00:00
1675,Laos,5,0,2009-07-06 09:00:00
1676,Latvia,1,0,2009-07-06 09:00:00
1677,Lebanon,49,0,2009-07-06 09:00:00
1678,Libya,1,0,2009-07-06 09:00:00
1679,Lithuania,3,0,2009-07-06 09:00:00
1680,Luxembourg,6,0,2009-07-06 09:00:00
1681,Malaysia,112,0,2009-07-06 09:00:00
1682,Malta,24,0,2009-07-06 09:00:00
1683,Mauritius,1,0,2009-07-06 09:00:00
1684,Mexico,10262,119,2009-07-06 09:00:00
1685,Montenegro,10,0,2009-07-06 09:00:00
1686,Morocco,17,0,2009-07-06 09:00:00
1687,Myanmar,1,0,2009-07-06 09:00:00
1688,Nepal,5,0,2009-07-06 09:00:00
1689,Netherlands,155,0,2009-07-06 09:00:00
1690,New Zealand,1059,3,2009-07-06 09:00:00
1691,Nicaragua,321,0,2009-07-06 09:00:00
1692,Norway,41,0,2009-07-06 09:00:00
1693,Oman,4,0,2009-07-06 09:00:00
1694,Palau,1,0,2009-07-06 09:00:00
1695,Panama,417,0,2009-07-06 09:00:00
1696,Papua New Guinea,1,0,2009-07-06 09:00:00
1697,Paraguay,106,1,2009-07-06 09:00:00
1698,Peru,916,0,2009-07-06 09:00:00
1699,Philippines,1709,1,2009-07-06 09:00:00
1700,Poland,25,0,2009-07-06 09:00:00
1701,Portugal,42,0,2009-07-06 09:00:00
1702,Puerto Rico,18,0,2009-07-06 09:00:00
1703,Qatar,23,0,2009-07-06 09:00:00
1704,Romania,41,0,2009-07-06 09:00:00
1705,Russia,3,0,2009-07-06 09:00:00
1706,Saint Lucia,1,0,2009-07-06 09:00:00
1707,Samoa,1,0,2009-07-06 09:00:00
1708,Saudi Arabia,114,0,2009-07-06 09:00:00
1709,Serbia,15,0,2009-07-06 09:00:00
1710,Singapore,1055,0,2009-07-06 09:00:00
1711,Slovakia,18,0,2009-07-06 09:00:00
1712,Slovenia,14,0,2009-07-06 09:00:00
1713,South Africa,18,0,2009-07-06 09:00:00
1714,Spain,776,1,2009-07-06 09:00:00
1715,Sri Lanka,19,0,2009-07-06 09:00:00
1716,Suriname,11,0,2009-07-06 09:00:00
1717,Sweden,84,0,2009-07-06 09:00:00
1718,Switzerland,76,0,2009-07-06 09:00:00
1719,Syria,1,0,2009-07-06 09:00:00
1720,Thailand,2076,7,2009-07-06 09:00:00
1721,The former Yugoslav Republic of Macedonia,2,0,2009-07-06 09:00:00
1722,Trinidad and Tobago,65,0,2009-07-06 09:00:00
1723,Tunisia,5,0,2009-07-06 09:00:00
1724,Turkey,40,0,2009-07-06 09:00:00
1725,Uganda,1,0,2009-07-06 09:00:00
1726,Ukraine,1,0,2009-07-06 09:00:00
1727,United Arab Emirates,8,0,2009-07-06 09:00:00
1728,United Kingdom,7464,3,2009-07-06 09:00:00
1729,United States of America,33902,170,2009-07-06 09:00:00
1730,Uruguay,195,4,2009-07-06 09:00:00
1731,Vanuatu,2,0,2009-07-06 09:00:00
1732,Venezuela,206,0,2009-07-06 09:00:00
1733,Viet Nam,181,0,2009-07-06 09:00:00
1734,Virgin Islands,1,0,2009-07-06 09:00:00
1735,West Bank and Gaza Strip,60,0,2009-07-06 09:00:00
1736,Yemen,8,0,2009-07-06 09:00:00
